кто	дата	счет	статья	сумма	примечания	остаток после					счета		
В	05.02.2016	кошелек.В	еда.обед	-300,00		17 368,00	2016.2				счет	сумма_нач	сумма текущ
В	05.02.2016	карта зарпл.В	связь	-150,00	моб. Варя	30,13	2016.2	-150			кошелек.В	17668	69300
Л	05.02.2016	кошелек.Л	еда.обед	-320,00	кофе и круасаны	4 650,00	2016.2				карта зарпл.В	180,13	4359,72
Л	05.02.2016	кошелек.Л	еда.обед	-250,00	обед	4 400,00	2016.2				карта старая.В	131,47	528,6
В	05.02.2016	кошелек.В	красота	-100,00	солярий	17 268,00	2016.2				карта сбер.В	66	26
В	06.02.2016	карта сбер.В	коммисия сбер	-30,00	обсл.карты	36,00	2016.2				киви	356,56	356,56
Л	06.02.2016	Кошелек.Л	зарплата	46 000,00	Зп за январь	50 400,00	2016.2				кошелек.Л	4970	10816
Л	06.02.2016	Кошелек.Л	В долг	3 000,00	За январь Долг оксана	53 400,00	2016.2				конверт.кварт	10000	0
Л	06.02.2016	Кошелек.Л	В долг	7 000,00	Сняла с маминой карты	60 400,00	2016.2				л.карта.сбер	50	350,83
Л	06.02.2016	Кошелек.Л	Кофе	-300,00	Мне и систеру	60 100,00	2016.2				сбер.вклад	806102,13	970000
Л	06.02.2016	Кошелек.Л	Продукты	-1 350,00	Вино на др и овощи	58 750,00	2016.2				конверт.аренда	0	0
Л	06.02.2016	Кошелек.Л	Продукты	-950,00	Тортик на работу и нам	57 800,00	2016.2						
Л	06.02.2016	Кошелек.Л	ресторан	-2 200,00	Пицца на др	55 600,00	2016.2						
Л	06.02.2016	Кошелек.Л	Продукты	-350,00	Хлеб, молоко, вафли	55 250,00	2016.2						
Л	06.02.2016	Кошелек.Л	Квартира	-50 000,00	Риелтору	5 250,00	2016.2						
Л	06.02.2016	Кошелек.Л	Здоровье	-1 350,00	Мои лекарства от мастопатиии	3 900,00	2016.2						
Л	06.02.2016	Кошелек.В	вещи	-10 888,00	Tapperwave	6 380,00	2016.2						
Л	06.02.2016	Кошелек.В	вещи	-15 680,00	Кольца для нас ;)	(9 300,00)	2016.2					итого без вклада:	85737,71
Л	06.02.2016	Кошелек.Л	отдал члену семьи	-150,00	Варе наклейки	3 750,00	2016.2						
Л	06.02.2016	Кошелек.Л	Красота	-3 500,00	Маникюр, стрижка, покраска	250,00	2016.2						
В	06.02.2016	конверт.кварт	перевод	-10 000,00		0,00	2016.2						
В	06.02.2016	кошелек.В	перевод	10 000,00		700,00	2016.2						#VALUE!
В	08.02.2016	кошелек.В	еда.обед	-300,00		400,00	2016.2						
Л	08.02.2016	кошелек.Л	транспорт	-35,00		215,00	2016.2						
Л	08.02.2016	кошелек.Л	сигареты	-90,00		125,00	2016.2						
Л	08.02.2016	кошелек.Л	кофе	-120,00	кофе	5,00	2016.2						
Л	08.02.2016	кошелек.Л	транспорт	-35,00		(30,00)	2016.2						
Л	08.02.2016	кошелек.Л	продукты	-780,00	икра, хлеб	(810,00)	2016.2						
Л	08.02.2016	кошелек.Л	перевод	5 000,00	снятие	4 190,00	2016.2						
Л	08.02.2016	сбер.вклад	перевод	-5 000,00		801 102,13	2016.2						
Л	08.02.2016	кошелек.Л	связь	-1 000,00	интернет	3 190,00	2016.2						
Л	08.02.2016	кошелек.Л	кофе	-150,00	кофе	3 040,00	2016.2						
Л	09.02.2016	кошелек.Л	Красота	-2 000,00	реснички	1 040,00	2016.2						
В	09.02.2016	кошелек.В	еда.обед	-300,00	обед	100,00	2016.2						
Л	09.02.2016	кошелек.Л	еда.обед	-150,00	печенье, шоколадка	890,00	2016.2						
Л	09.02.2016	кошелек.Л	транспорт	-70,00	маршрутка	820,00	2016.2						
Л	09.02.2016	кошелек.Л	транспорт	-200,00	такси	620,00	2016.2						
Л	10.02.2016	кошелек.Л	транспорт	-35,00	маршрутка	585,00	2016.2						
Л	10.02.2016	кошелек.Л	кофе	-160,00	кофе	425,00	2016.2						
Л	10.02.2016	кошелек.Л	аптека	-510,00	ринопронт, ринофлуимуцил	(85,00)	2016.2						
Л	10.02.2016	кошелек.Л	еда.обед	-100,00	бутерброд	(185,00)	2016.2						
Л	10.02.2016	л.карта.сбер	Авон	1 750,00	за Авон т.Надя	1 800,00	2016.2						
Л	10.02.2016	л.карта.сбер	перевод	-1 500,00		300,00	2016.2						
Л	10.02.2016	кошелек.Л	перевод	1 500,00		1 315,00	2016.2						
Л	10.02.2016	кошелек.Л	еда.обед	-60,00	безе	1 255,00	2016.2						
Л	10.02.2016	кошелек.Л	кофе	-160,00	кофе, круасан	1 095,00	2016.2						
Л	10.02.2016	кошелек.Л	еда.обед	-245,00	леб, молоко, греча	850,00	2016.2						
В	10.02.2016	кошелек.В	еда.обед	-100,00	обед	0,00	2016.2						
Л	10.02.2016	кошелек.Л	еда.обед	-45,00	плюшка	805,00	2016.2						
Л	10.02.2016	кошелек.Л	перевод	-100,00		705,00	2016.2						
В	10.02.2016	кошелек.В	перевод	100,00		100,00	2016.2						
Л	10.02.2016	кошелек.Л	еда.обед	-256,00	макдак	449,00	2016.2						
Л	10.02.2016	кошелек.Л	вещи	-65,00	фольга	384,00	2016.2						
Л	11.02.2016	кошелек.Л	кофе	-230,00	кофе, плюшки	154,00	2016.2						
Л	10.02.2016	кошелек.Л	сигареты	-85,00	курево	69,00	2016.2						
В	11.02.2016	карта зарпл.В	зарплата	68 012,46		68 042,59	2016.2						
В	11.02.2016	карта зарпл.В	развлеченья	-3 000,00	билеты на концерт	65 042,59	2016.2						
Л	11.02.2016	кошелек.Л	еда.обед	-200,00	курица, булочка, салат	39 222,00	2016.2						
В	11.02.2016	карта зарпл.В	перевод	-60 000,00		39,76	2016.2						
В	11.02.2016	кошелек.В	перевод	60 000,00		2 350,00	2016.2						
В	11.02.2016	кошелек.В	еда.обед	-100,00	обед	60 000,00	2016.2						
В	11.02.2016	кошелек.В	спортзал	-3 000,00	секция	57 000,00	2016.2						
В	12.02.2016	кошелек.В	перевод	-10 000,00		47 000,00	2016.2						
Л	12.02.2016	кошелек.Л	перевод	10 000,00		9 869,00	2016.2						
В	12.02.2016	кошелек.В	перевод	-5 000,00		42 000,00	2016.2						
В	12.02.2016	карта сбер.В	перевод	5 000,00		5 036,00	2016.2						
В	12.02.2016	карта сбер.В	отдал члену семьи	-5 000,00	Соне	36,00	2016.2						
В	12.02.2016	кошелек.В	перевод	-40 000,00	отложил на аренду	2 000,00	2016.2						
В	12.02.2016	конверт.аренда	перевод	40 000,00		40 000,00	2016.2						
Л	12.02.2016	кошелек.Л	перевод	0,00	мне в кошелек Л	9 869,00	2016.2						
Л	12.02.2016	кошелек.Л	сигареты	-85,00	сигареты	9 784,00	2016.2						
Л	12.02.2016	кошелек.Л	кофе	-150,00	необходимость	9 634,00	2016.2						
Л	12.02.2016	кошелек.Л	продукты	-500,00	орехи вкуснятина	9 134,00	2016.2						
Л	12.02.2016	кошелек.Л	продукты	-259,00	пирожные люблю тебя	8 875,00	2016.2						
Л	12.02.2016	кошелек.Л	транспорт	-35,00	маршрутка	8 840,00	2016.2						
Л	12.02.2016	карта зарпл.В	еда.обед	-300,00	обед	4 742,59	2016.2						
В	11.02.2016	карта зарпл.В	продукты	-489,50		4 253,09	2016.2						
В	13.02.2016	карта зарпл.В	связь	-550,00	инет сокол	3 703,09	2016.2						
В	13.02.2016	кошелек.В	продукты	-900,00	орехи+мед	1 100,00	2016.2						
В	13.02.2016	карта зарпл.В	продукты	-136,50	сахар	3 566,59	2016.2						
В	13.02.2016	конверт.аренда	аренда	-40 000,00	за февраль	0,00	2016.2						
В	13.02.2016	кошелек.В	развлеченья	-900,00	клуб вольта	200,00	2016.2						
Л	13.02.2016	кошелек.Л	развлеченья	-400,00	виски в Вольте	8 440,00	2016.2						
Л	13.02.2016	кошелек.Л	отдал члену семьи	-450,00	Варе игрушки	7 990,00	2016.2						
Л	13.02.2016	кошелек.Л	продукты	-95,00	хлеб	7 895,00	2016.2						
Л	13.02.2016	кошелек.Л	продукты	-270,00	прокладки, вода	7 625,00	2016.2						
Л	13.02.2016	кошелек.Л	продукты	-1 270,00	магнит продукты	6 355,00	2016.2						
Л	13.02.2016	кошелек.Л	продукты	-380,00	шоколад, орехи, сигареты	5 975,00	2016.2						
Л	13.02.2016	кошелек.Л	подарки	-850,00	т.Свете цветы	5 125,00	2016.2						
Л	13.02.2016	кошелек.Л	транспорт	-70,00	маршрутка	5 055,00	2016.2						
Л	15.02.2016	кошелек.Л	кофе	-150,00	кофе	4 905,00	2016.2						
Л	15.02.2016	кошелек.Л	продукты	-170,00	мыло, сигареты	4 735,00	2016.2						
В	15.02.2016	карта зарпл.В	еда.обед	-300,00	обед	3 266,59	2016.2						
Л	15.02.2016	кошелек.Л	еда.обед	-195,00	обед и плюшечка	4 540,00	2016.2						
Л	15.02.2016	кошелек.Л	отдал члену семьи	-500,00	Варе на взнос подарки	4 040,00	2016.2						
Л	15.02.2016	кошелек.Л	продукты	-50,00	Хлеб	3 990,00	2016.2						
Л	15.02.2016	кошелек.Л	продукты	-670,00	конфеты, кофе	3 320,00	2016.2						
Л	16.02.2016	кошелек.Л	кофе	-150,00	вкуснятина	3 170,00	2016.2						
Л	16.02.2016	кошелек.Л	отдал члену семьи	-800,00	Варя англ.язык	2 370,00	2016.2						
Л	16.02.2016	кошелек.Л	транспорт	-70,00	маршрутка	2 300,00	2016.2						
Л	16.02.2016	кошелек.Л	сигареты	-90,00		2 210,00	2016.2						
Л	16.02.2016	кошелек.Л	еда.обед	-300,00		1 910,00	2016.2						
В	16.02.2016	карта зарпл.В	продукты	-1 271,00		1 995,59	2016.2						
В	16.02.2016	карта зарпл.В	еда.обед	-305,00		1 995,59	2016.2						
Л	17.02.2016	кошелек.Л	кофе	-99,00	кофе	1 811,00	2016.2						
Л	17.02.2016	кошелек.Л	аптека	-500,00	витамины, ринопронт	1 311,00	2016.2						
Л	17.02.2016	кошелек.Л	еда.обед	-250,00	обед, плюшечка	1 061,00	2016.2						
В	17.02.2016	карта зарпл.В	еда.обед	-295,00		1 395,59	2016.2						
Л	18.02.2016	кошелек.Л	кофе	-150,00		911,00	2016.2						
Л	18.02.2016	кошелек.Л	еда.обед	-90,00		821,00	2016.2						
Л	18.02.2016	кошелек.Л	сигареты	-85,00		736,00	2016.2						
В	18.02.2016	карта зарпл.В	еда.обед	-305,00		1 090,59	2016.2						
Л	18.02.2016	сбер.вклад	перевод	-10 000,00		791 102,13	2016.2						
Л	18.02.2016	кошелек.Л	перевод	10 000,00	со вклада	10 736,00	2016.2						
Л	18.02.2016	кошелек.Л	Авон	-4 600,00	авон на подарки	6 136,00	2016.2						
Л	18.02.2016	кошелек.Л	аптека	-184,00	кетанол	5 952,00	2016.2						
Л	18.02.2016	кошелек.Л	продукты	-1 200,00	орехи, овощи, фрукты	4 752,00	2016.2						
Л	18.02.2016	кошелек.Л	красота	-1 550,00	маникюр, шелак	3 202,00	2016.2						
Л	19.02.2016	кошелек.Л	кофе	-160,00	кофе	3 042,00	2016.2						
Л	19.02.2016	кошелек.Л	еда.обед	-90,00	обед	2 952,00	2016.2						
Л	19.02.2016	кошелек.Л	сигареты	-90,00	сигареты	2 862,00	2016.2						
Л	19.02.2016	кошелек.Л	еда.обед	-60,00	печенье	2 802,00	2016.2						
В	19.02.2016	карта зарпл.В	еда.обед	-300,00		790,59	2016.2						
Л	19.02.2016	кошелек.Л	еда.обед	-180,00	обед	2 622,00	2016.2						
В	20.02.2016	карта зарпл.В	зарплата	30 000,00		30 790,59	2016.2						
В	20.02.2016	карта зарпл.В	перевод	-5 000,00		25 790,59	2016.2						
Л	20.02.2016	кошелек.Л	перевод	5 000,00		7 622,00	2016.2						
В	20.02.2016	карта зарпл.В	развлеченья	-4 600,00	МУЖЧИНЫ и ЖЕНЩИНЫ (16.04.2016 19:30)	21 190,59	2016.2						
Л	20.02.2016	кошелек.Л	здоровье	-3 800,00	лечение зуба	3 822,00	2016.2						
Л	20.02.2016	кошелек.Л	транспорт	-70,00	маршрутка	3 752,00	2016.2						
Л	20.02.2016	кошелек.Л	продукты	-270,00	фрукты Варе	3 482,00	2016.2						
Л	20.02.2016	кошелек.Л	еда.обед	-90,00	бутерюрод	3 392,00	2016.2						
В	21.02.2016	карта зарпл.В	авто.топливо	-499,85		20 690,74	2016.2						
В	21.02.2016	карта зарпл.В	ресторан	-1 249,00	обед, икеа	19 441,74	2016.2						
В	21.02.2016	карта зарпл.В	продукты	-9 564,48	метро	9 877,26	2016.2						
В	23.02.2016	карта зарпл.В	вещи	-4 603,00	насос, замок	5 274,26	2016.2						
В	24.02.2016	карта зарпл.В	перевод	-500,00		4 774,26	2016.2						
Л	24.02.2016	карта старая.В	перевод	500,00		631,47	2016.2						
В	24.02.2016	карта зарпл.В	еда.обед	-305,00		4 469,26	2016.2						
В	25.02.2016	карта зарпл.В	еда.обед	-300,00		4 169,26	2016.2						
В	25.02.2016	карта зарпл.В	спортзал	-600,00	зал, сдача экзамена	3 569,26	2016.2						
В	27.02.2016	карта зарпл.В	продукты	-653,50	молочка, салат	2 915,76	2016.2						
В	26.02.2016	карта зарпл.В	продукты	-172,00	кефир, хлеб	2 743,76	2016.2						
В	28.02.2016	карта зарпл.В	перевод	-2 000,00		743,76	2016.2						
В	28.02.2016	кошелек.В	перевод	2 000,00		2 200,00	2016.2						
В	28.02.2016	кошелек.В	красота	-250,00	парикмахерская	1 950,00	2016.2						
В	28.02.2016	кошелек.В	подарки	-1 550,00	цветы	400,00	2016.2						
В	28.02.2016	карта зарпл.В	подарки	-549,00	торт	194,76	2016.2						
В	28.02.2016	кошелек.Л	перевод	-2 000,00		1 392,00	2016.2						
В	28.02.2016	кошелек.В	перевод	2 000,00		2 400,00	2016.2						
В	28.02.2016	кошелек.В	продукты	-50,00	хлеб	2 350,00	2016.2						
В	28.02.2016	карта зарпл.В	связь	-155,00	мегафон	39,76	2016.2						
Л	28.02.2016	кошелек.Л	зарплата	46 000,00	Аванс за январь	47 392,00	2016.2						
Л	28.02.2016	кошелек.Л	в долг	-5 000,00	Долг маме	42 392,00	2016.2						
Л	28.02.2016	кошелек.Л	хоз.расходы	-1 300,00	химчистка пальто золотое	41 092,00	2016.2						
Л	28.02.2016	кошелек.Л	транспорт	-1 570,00	Карта метро	39 522,00	2016.2						
Л	28.02.2016	кошелек.Л	кофе	-300,00	Кофе	39 222,00	2016.2						
Л	28.02.2016	сбер.вклад	перевод	-10 000,00	Перевод в кошелек л	781 102,13	2016.2						
Л	28.02.2016	кошелек.Л	Здоровье	-5 150,00	Лечение зуба	34 072,00	2016.2						
Л	28.02.2016	кошелек.Л	перевод	10 000,00	Со вклада в кошелек л	44 072,00	2016.2						
Л	28.02.2016	кошелек.Л	продукты	-1 000,00	Продукты	43 072,00	2016.2						
Л	29.02.2016	кошелек.Л	кофе	-150,00	кофе вкусный и человеческий, не удержалась	42 922,00	2016.2						
Л	29.02.2016	кошелек.Л	транспорт	-180,00	маршрутка	42 742,00	2016.2						
Л	29.02.2016	л.карта.сбер	связь	-300,00	мне на тел.	0,00	2016.2						
Л	29.02.2016	кошелек.Л	перевод	-5 000,00	на карту сбер ЖКХ	37 742,00	2016.2						
Л	29.02.2016	л.карта.сбер	перевод	5 000,00		5 000,00	2016.2						
Л	29.02.2016	л.карта.сбер	ЖКХ	-4 002,00	телефон, ЖКХ	998,00	2016.2						
В	29.02.2016	кошелек.В	еда.обед	-300,00		2 050,00	2016.2						
В	29.02.2016	кошелек.В	авто.топливо	-500,00		1 550,00	2016.2						
В	29.02.2016	кошелек.В	еда.обед	-200,00		1 350,00	2016.2						
Л	29.02.2016	кошелек.Л	хозтовары	-2 191,00	краска, шампуни	35 551,00	2016.2						
Л	01.03.2016	л.карта.сбер	связь	-300,00	на моб Лера	698,00	2016.3						
В	01.03.2016	кошелек.В	еда.обед	-300,00		1 050,00	2016.3						
В	01.03.2016	кошелек.В	продукты	-300,00		750,00	2016.3						
В	02.03.2016	кошелек.В	продукты	-100,00		650,00	2016.3						
Л	02.03.2016	л.карта.сбер	авон	1 493,00	т.Надя за Авон	2 191,00	2016.3						
Л	02.03.2016	кошелек.Л	зарплата	46 000,00	зп за февраль	81 551,00	2016.3						
Л	02.03.2016	кошелек.Л	авон	-3 000,00	за авон	78 551,00	2016.3						
В	02.03.2016	кошелек.В	еда.обед	-300,00		350,00	2016.3						
Л	03.03.2016	карта старая.В	развлеченья	-263,17	apple music 	368,30	2016.3						
В	24.02.2016	карта старая.В	вещи	-120,00	фильтры для кофе	248,30	2016.2						
Л	03.03.2016	кошелек.Л	сигареты	-90,00	сигареты	78 461,00	2016.3						
Л	03.03.2016	кошелек.Л	продукты	-70,00	шоколадка	78 391,00	2016.3						
В	03.03.2016	кошелек.В	еда.обед	-300,00	обед	50,00	2016.3						
Л	03.03.2016	кошелек.Л	транспорт	-70,00	маршрутка	78 321,00	2016.3						
Л	03.03.2016	кошелек.Л	еда.обед	-180,00	обед	78 141,00	2016.3						
Л	03.03.2016	кошелек.Л	кофе	-300,00	кофе	77 841,00	2016.3						
Л	03.03.2016	кошелек.Л	еда.обед	-140,00	печенье	77 701,00	2016.3						
В	03.03.2016	карта зарпл.В	перевод	-35,00		4,76	2016.3						
В	03.03.2016	карта старая.В	перевод	35,00		283,30	2016.3						
В	03.03.2016	карта старая.В	книги	-279,00	книжка	4,30	2016.3						
В	04.03.2016	кошелек.В	подарки	-1 000,00	8марта	(950,00)	2016.3						
В	03.03.2016	кошелек.В	продукты	-100,00		(1 050,00)	2016.3						
В	03.03.2016	кошелек.В	перевод	2 000,00		950,00	2016.3						
Л	03.03.2016	кошелек.Л	перевод	-2 000,00		75 701,00	2016.3						
Л	04.03.2016	кошелек.Л	еда.обед	-200,00	макдак	75 501,00	2016.3						
Л	04.03.2016	кошелек.Л	кофе	-150,00	кофе	75 351,00	2016.3						
Л	04.03.2016	кошелек.Л	продукты	-251,00	сыр	75 100,00	2016.3						
Л	04.03.2016	л.карта.сбер	продукты	-761,00	продукты	1 430,00	2016.3						
Л	04.03.2016	л.карта.сбер	еда.обед	-436,00	тортик на работу	994,00	2016.3						
В	04.03.2016	кошелек.В	еда.обед	-300,00	обед	650,00	2016.3						
Л	06.03.2016	кошелек.Л	перевод	-5 000,00		70 100,00	2016.3						
В	06.03.2016	кошелек.В	перевод	5 000,00		5 650,00	2016.3						
В	07.03.2016	кошелек.В	авто.топливо	-1 700,00		3 950,00	2016.3						
В	07.03.2016	кошелек.В	продукты	-300,00		3 650,00	2016.3						
В	08.03.2016	кошелек.В	подарки	-550,00		3 100,00	2016.3						
Л	09.03.2016	л.карта.сбер	продукты	-593,00	продукты с варей магнит	401,00	2016.3						
Л	09.03.2016	л.карта.сбер	кофе	-325,00	кофе	76,00	2016.3						
Л	09.03.2016	кошелек.Л	продукты	-7 000,00	в метро продукты	63 100,00	2016.3						
Л	09.03.2016	кошелек.Л	Квартира	-35 000,00	аванс за зеленоградскую	28 100,00	2016.3						
Л	09.03.2016	кошелек.Л	подарки	5 000,00	от мамы Вадима	33 100,00	2016.3						
Л	09.03.2016	кошелек.Л	отдал члену семьи	-530,00	Варя в кино попкорн, вода кино	32 570,00	2016.3						
Л	09.03.2016	кошелек.Л	ресторан	-1 300,00	встреча с риэлтором	31 270,00	2016.3						
Л	09.03.2016	кошелек.Л	ресторан	-600,00	чай подписание аванса	30 670,00	2016.3						
Л	09.03.2016	кошелек.Л	транспорт	-200,00	маме на дорогу	30 470,00	2016.3						
В	09.03.2016	кошелек.В	еда.обед	-300,00		2 800,00	2016.3						
Л	09.03.2016	кошелек.Л	еда.обед	-250,00	обед	30 220,00	2016.3						
Л	09.03.2016	кошелек.Л	сигареты	-90,00	сигареты	30 130,00	2016.3						
Л	09.03.2016	кошелек.Л	транспорт	-300,00		29 830,00	2016.3						
Л	09.03.2016	кошелек.Л	отдал члену семьи	-800,00	Варе на англ.	29 030,00	2016.3						
Л	09.03.2016	кошелек.Л	продукты	-200,00	хлеб, яйца, молоко	28 830,00	2016.3						
В	09.03.2016	кошелек.В	ресторан	-2 800,00	ужин ресторан	0,00	2016.3						
Л	10.03.2016	кошелек.Л	перевод	-500,00		28 330,00	2016.3						
В	10.03.2016	кошелек.В	перевод	500,00		500,00	2016.3						
Л	10.03.2016	кошелек.Л	развлеченья	-600,00	с Варей театр	27 730,00	2016.3						
Л	10.03.2016	кошелек.Л	кофе	-235,00	кофе	27 495,00	2016.3						
Л	10.03.2016	кошелек.Л	еда.обед	-250,00	обед	27 245,00	2016.3						
Л	10.03.2016	кошелек.Л	еда.обед	-270,00	блинчик	26 975,00	2016.3						
Л	11.03.2016	кошелек.Л	кофе	-305,00	кофе	26 670,00	2016.3						
Л	11.03.2016	кошелек.Л	красота	-2 000,00	реснички	24 670,00	2016.3						
Л	11.03.2016	кошелек.Л	транспорт	-70,00	маршрутки	24 600,00	2016.3						
Л	11.03.2016	кошелек.Л	продукты	-200,00	печенье	24 400,00	2016.3						
Л	11.03.2016	кошелек.Л	еда.обед	-90,00	обед	24 310,00	2016.3						
Л	11.03.2016	кошелек.Л	сигареты	-90,00	сигареты	24 220,00	2016.3						
Л	11.03.2016	кошелек.Л	еда.обед	-75,00	мороженка	24 145,00	2016.3						
В	11.03.2016	карта зарпл.В	зарплата	69 516,38		69 521,14	2016.3						
В	12.03.2016	карта зарпл.В	развлеченья	-300,00	кино	69 221,14	2016.3						
В	11.03.2016	карта зарпл.В	перевод	-65 000,00		4 221,14	2016.3						
В	11.03.2016	кошелек.В	перевод	65 000,00		65 500,00	2016.3						
В	13.03.2016	кошелек.В	аренда	-40 000,00		25 500,00	2016.3						
В	11.03.2016	карта зарпл.В	продукты	-325,50		3 895,64	2016.3						
В	11.03.2016	кошелек.В	продукты	-100,00		25 400,00	2016.3						
В	11.03.2016	карта зарпл.В	еда.обед	-300,00		3 595,64	2016.3						
В	13.03.2016	кошелек.В	продукты	-500,00	?	24 900,00	2016.3						
В	13.03.2016	кошелек.В	продукты	-1 100,00		23 800,00	2016.3						
В	13.03.2016	карта зарпл.В	связь	-550,00	инет сокол	3 045,64	2016.3						
Л	13.03.2016	кошелек.Л	транспорт	-70,00	маршрутка	24 075,00	2016.3						
Л	13.03.2016	кошелек.Л	аптека	-480,00	лекарства Варе	23 595,00	2016.3						
Л	13.03.2016	кошелек.Л	продукты	-1 195,00	продукты	22 400,00	2016.3						
Л	14.03.2016	кошелек.Л	еда.обед	-160,00	обед	22 240,00	2016.3						
В	14.03.2016	карта зарпл.В	еда.обед	-305,00		2 740,64	2016.3						
Л	14.03.2016	кошелек.Л	еда.обед	-260,00	печеньки и кофе	21 980,00	2016.3						
Л	14.03.2016	кошелек.Л	транспорт	-70,00	маршрутка	21 910,00	2016.3						
Л	14.03.2016	кошелек.Л	еда.обед	-285,00	обед с плюшкой	21 625,00	2016.3						
В	15.03.2016	карта зарпл.В	еда.обед	-300,00		2 440,64	2016.3						
В	15.03.2016	карта зарпл.В	аптека	-164,00	от насморка	2 276,64	2016.3						
Л	15.03.2016	кошелек.Л	подарки	-920,00	подарок	20 705,00	2016.3						
Л	15.03.2016	кошелек.Л	подарки	-405,00		20 300,00	2016.3						
Л	15.03.2016	кошелек.Л	сигареты	-280,00		20 020,00	2016.3						
Л	15.03.2016	кошелек.Л	продукты	-120,00		19 900,00	2016.3						
В	15.03.2016	карта зарпл.В	связь	-250,00	Варя моб	2 026,64	2016.3						
В	15.03.2016	карта зарпл.В	связь	-300,00	Лера планшет	1 726,64	2016.3						
Л	15.03.2016	кошелек.Л	отдал члену семьи	-5 000,00	маме на стоматолога	14 900,00	2016.3						
Л	15.03.2016	сбер.вклад	перевод	-10 000,00	в кошелекЛ	771 102,13	2016.3						
Л	15.03.2016	кошелек.Л	перевод	10 000,00		24 900,00	2016.3						
Л	15.03.2016	кошелек.Л	В долг	-5 000,00	Оксана	19 900,00	2016.3						
Л	15.03.2016	кошелек.Л	В долг	-4 500,00	за экскурсию	15 400,00	2016.3						
Л	15.03.2016	кошелек.Л	транспорт	-70,00	маршрутка	15 330,00	2016.3						
Л	15.03.2016	кошелек.Л	продукты	-530,00	продукты	14 800,00	2016.3						
Л	16.03.2016	кошелек.Л	кофе	-150,00	кофе	14 650,00	2016.3						
Л	16.03.2016	кошелек.Л	еда.обед	-205,00	еда	14 445,00	2016.3						
Л	17.03.2016	кошелек.Л	транспорт	-70,00	маршрутка	14 375,00	2016.3						
Л	17.03.2016	сбер.вклад	перевод	-30 000,00	л.карта.сбер	741 102,13	2016.3						
Л	17.03.2016	л.карта.сбер	перевод	30 000,00	приход на л.карта.сбер	30 076,00	2016.3						
Л	17.03.2016	л.карта.сбер	ЖКХ	-747,00	мосэнерго и телефон смольная	29 329,00	2016.3						
Л	17.03.2016	кошелек.Л	красота	-1 600,00	маникюр	12 775,00	2016.3						
Л	17.03.2016	кошелек.Л	перевод	-10 000,00	л.карта.сбер	2 775,00	2016.3						
Л	17.03.2016	кошелек.Л	продукты	-90,00	фрукты	2 685,00	2016.3						
Л	17.03.2016	кошелек.Л	сигареты	-90,00	сигареты	2 595,00	2016.3						
Л	17.03.2016	кошелек.Л	еда.обед	-252,00	обед	2 343,00	2016.3						
В	16.03.2016	кошелек.В	Отдал члену семьи	-6 500,00	др Сони	17 300,00	2016.3						
В	17.03.2016	кошелек.В	продукты	-500,00		16 800,00	2016.3						
В	17.03.2016	карта зарпл.В	еда.обед	-300,00		1 426,64	2016.3						
В	16.03.2016	карта зарпл.В	еда.обед	-305,00		1 121,64	2016.3						
В	17.03.2016	кошелек.В	продукты	-100,00		16 700,00	2016.3						
Л	17.03.2016	л.карта.сбер	перевод	-14 000,00	сбер.вклад	15 329,00	2016.3						
Л	17.03.2016	сбер.вклад	перевод	14 000,00	л.карта.сбер	755 102,13	2016.3						
Л	17.03.2016	л.карта.сбер	квартира	-25 000,00	риэлтору	(9 671,00)	2016.3						
Л	17.03.2016	л.карта.сбер	перевод	10 000,00	кошелек.Л	329,00	2016.3						
В	17.03.2016	кошелек.В	транспорт	-1 600,00	проездной 60 поездок	15 100,00	2016.3						
В	17.03.2016	кошелек.В	спортзал	-3 000,00	зал	12 100,00	2016.3						
Л	17.03.2016	кошелек.Л	ресторан	-1 300,00	суши, кофе	1 043,00	2016.3						
Л	17.03.2016	кошелек.Л	аптека	-75,00		968,00	2016.3						
Л	18.03.2016	л.карта.сбер	кофе	-285,14	кофе	43,86	2016.3						
Л	17.03.2016	кошелек.Л	продукты	-216,00	кефир, хлеб	752,00	2016.3						
Л	17.03.2016	кошелек.Л	транспорт	-110,00	маршрутка	642,00	2016.3						
Л	17.03.2016	кошелек.Л	продукты	-150,00	орехи Варе	492,00	2016.3						
В	18.03.2016	карта зарпл.В	аптека	-638,50	от простуды	483,14	2016.3						
В	18.03.2016	карта зарпл.В	еда.обед	-300,00		183,14	2016.3						
В	18.03.2016	карта зарпл.В	зарплата	30 000,00		30 183,14	2016.3						
Л	18.03.2016	кошелек.Л	еда.обед	-110,00	обед	382,00	2016.3						
В	20.03.2016	кошелек.В	подарки	-1 300,00		10 800,00	2016.3						
В	20.03.2016	кошелек.В	вещи	-350,00	акк. для капучинатора	10 450,00	2016.3						
В	20.03.2016	карта зарпл.В	перевод	-20 000,00		10 183,14	2016.3						
В	20.03.2016	кошелек.В	перевод	20 000,00		30 450,00	2016.3						
Л	20.03.2016	л.карта.сбер	В долг	4 500,00	Возраст за экскурсию	4 543,86	2016.3						
Л	20.03.2016	л.карта.сбер	продукты	-96,00	хлеб	4 447,86	2016.3						
Л	20.03.2016	кошелек.Л	кофе	-125,00	кофе	257,00	2016.3						
Л	20.03.2016	кошелек.Л	сигареты	-170,00	сигареты	87,00	2016.3						
Л	20.03.2016	кошелек.Л	транспорт	-70,00	маршрутка	17,00	2016.3						
Л	20.03.2016	л.карта.сбер	перевод	-2 000,00	кошелек.Л	2 447,86	2016.3						
Л	20.03.2016	кошелек.Л	перевод	2 000,00		2 017,00	2016.3						
Л	20.03.2016	кошелек.Л	продукты	-500,00	продукты	1 517,00	2016.3						
Л	20.03.2016	кошелек.Л	транспорт	-300,00	такси	1 217,00	2016.3						
Л	20.03.2016	кошелек.Л	транспорт	-100,00	маме на дорогу с Варей	1 117,00	2016.3						
Л	20.03.2016	л.карта.сбер	коммисия сбер	-30,00	за банк клиент	2 417,86	2016.3						
В	18.03.2016	кошелек.В	еда.обед	-300,00		30 150,00	2016.3						
Л	20.03.2016	кошелек.Л	еда.обед	-180,00	обед	937,00	2016.3						
Л	20.03.2016	кошелек.Л	сигареты	-90,00	сигареты	847,00	2016.3						
В	22.03.2016	кошелек.В	перевод	-25 000,00		5 150,00	2016.3						
Л	22.03.2016	кошелек.Л	перевод	25 000,00		25 847,00	2016.3						
Л	22.03.2016	кошелек.Л	транспорт	-35,00	маршрутка	25 812,00	2016.3						
Л	22.03.2016	л.карта.сбер	перевод	-2 300,00	в кошелек	117,86	2016.3						
Л	22.03.2016	кошелек.Л	перевод	2 300,00	в кошлек снятие	28 112,00	2016.3						
Л	22.03.2016	кошелек.Л	продукты	-700,00	творог, хлеб, кефир, йогурты	27 412,00	2016.3						
Л	22.03.2016	кошелек.Л	перевод	-20 000,00	сбер.вклад	7 412,00	2016.3						
Л	22.03.2016	сбер.вклад	перевод	20 000,00	c кошелька	775 102,13	2016.3						
Л	22.03.2016	кошелек.Л	еда.обед	-300,00	обед	7 112,00	2016.3						
Л	22.03.2016	кошелек.Л	авон	-3 000,00		4 112,00	2016.3						
В	22.03.2016	карта зарпл.В	еда.обед	-305,00		9 878,14	2016.3						
Л	23.03.2016	кошелек.Л	кофе	-150,00	кофе	3 962,00	2016.3						
Л	23.03.2016	кошелек.Л	сигареты	-160,00	сигареты	3 802,00	2016.3						
Л	23.03.2016	кошелек.Л	Отдал члену семьи	-800,00	Варя англ.	3 002,00	2016.3						
Л	23.03.2016	кошелек.Л	еда.обед	-180,00	обед	2 822,00	2016.3						
Л	23.03.2016	кошелек.Л	продукты	-400,00	продукты	2 422,00	2016.3						
Л	23.03.2016	кошелек.Л	В долг	5 000,00	Оксана вернула	7 422,00	2016.3						
В	23.03.2016	карта зарпл.В	еда.обед	-295,00		9 583,14	2016.3						
Л	23.03.2016	кошелек.Л	Транспорт	-160,00	Такси	7 262,00	2016.3						
Л	23.03.2016	л.карта.сбер	Авон	2 700,00	От т Нади на карту	2 817,86	2016.3						
Л	23.03.2016	кошелек.Л	зарплата	46 000,00		53 262,00	2016.3						
Л	23.03.2016	кошелек.Л	Перевод	-50 000,00	На картперевод на вклад сбер	3 262,00	2016.3						
Л	23.03.2016	сбер.вклад	Перевод	50 000,00	Из кошелька	825 102,13	2016.3						
Л	23.03.2016	кошелек.Л	Отдал члену семьи	-100,00	Варе в школу	3 162,00	2016.3						
Л	23.03.2016	л.карта.сбер	Перевод	-2 500,00	На вклад	317,86	2016.3						
Л	23.03.2016	сбер.вклад	Перевод	2 500,00		827 602,13	2016.3						
В	24.03.2016	кошелек.В	Перевод	-5 000,00	Лере в кошелек	150,00	2016.3				7855		
Л	24.03.2016	кошелек.Л	Перевод	5 000,00		8 162,00	2016.3						
Л	24.03.2016	кошелек.Л	Транспорт	-40,00	маршрутка	8 122,00	2016.3						
Л	24.03.2016	сбер.вклад	Перевод	-199,03	на сбер карту	827 403,10	2016.3						
В	24.03.2016	карта зарпл.В	связь	-950,00	мегафон+сокол	8 633,14	2016.3						
В	24.03.2016	карта зарпл.В	перевод	-500,00		8 133,14	2016.3						
В	24.03.2016	карта старая.В	перевод	500,00	на музыку.	504,30	2016.3						
В	24.03.2016	карта зарпл.В	еда.обед	-305,00		7 828,14	2016.3						
Л	24.03.2016	л.карта.сбер	авон	-406,00	остаток по авону	(88,14)	2016.3						
Л	24.03.2016	л.карта.сбер	перевод	199,00	со вклада	110,86	2016.3						
Л	24.03.2016	сбер.вклад	доход.%	4 421,74	от Сбербанка поступление %	831 824,84	2016.3						
Л	24.03.2016	кошелек.Л	еда.обед	-100,00	обед	8 022,00	2016.3						
Л	24.03.2016	кошелек.Л	еда.обед	-90,00	плюшки	7 932,00	2016.3						
Л	24.03.2016	кошелек.Л	кофе	-70,00	кофе	7 862,00	2016.3						
В	24.03.2016	карта зарпл.В	вещи	-590,00	ежедневник с резинкой 320 стр	7 238,14	2016.3						
Л	24.03.2016	кошелек.Л	красота	-2 500,00	стрижка и покраска	5 362,00	2016.3						
Л	24.03.2016	кошелек.Л	продукты	-840,00	рыба, фрукты, морс.коктейль	4 522,00	2016.3						
Л	25.03.2016	кошелек.Л	Транспорт	-35,00	маршрутка	4 487,00	2016.3						
В	25.03.2016	карта зарпл.В	еда.обед	-300,00		6 938,14	2016.3						
В	25.03.2016	карта зарпл.В	перевод	-2 000,00		4 938,14	2016.3						
В	25.03.2016	кошелек.В	перевод	2 000,00		2 150,00	2016.3						
В	25.03.2016	кошелек.В	продукты	-250,00	печенье	1 900,00	2016.3						
В	25.03.2016	карта зарпл.В	перевод	-1 500,00		3 438,14	2016.3						
В	25.03.2016	карта старая.В	перевод	1 500,00		2 004,30	2016.3						
В	25.03.2016	карта старая.В	развлеченья	-1 540,00	2 билета Варе	464,30	2016.3						
Л	26.03.2016	сбер.вклад	перевод	-6 800,00	на карту	825 024,84	2016.3						
Л	26.03.2016	л.карта.сбер	перевод	6 800,00		6 910,86	2016.3						
Л	26.03.2016	л.карта.сбер	авто.мойка	-350,00	помыли ;)	6 560,86	2016.3						
Л	26.03.2016	л.карта.сбер	вещи	-4 900,00	эл. сигарета	1 660,86	2016.3						
Л	27.03.2016	сбер.вклад	перевод	-8 000,00	на карту	817 024,84	2016.3						
Л	27.03.2016	л.карта.сбер	перевод	8 000,00	на карте	9 660,86	2016.3						
Л	27.03.2016	л.карта.сбер	вещи	-3 398,00	одежда Варе	6 262,86	2016.3						
Л	27.03.2016	л.карта.сбер	вещи	-1 133,00	нитки	5 129,86	2016.3						
Л	27.03.2016	л.карта.сбер	перевод	-1 600,00	в кошелек	3 529,86	2016.3						
Л	27.03.2016	кошелек.Л	перевод	1 600,00	в кошельке	6 087,00	2016.3						
Л	27.03.2016	л.карта.сбер	связь	-1 000,00	онлайм смольная	2 529,86	2016.3						
Л	27.03.2016	л.карта.сбер	ресторан	-480,00	макдак	2 049,86	2016.3						
Л	27.03.2016	сбер.вклад	перевод	-7 021,74	на карту	810 003,10	2016.3						
Л	27.03.2016	л.карта.сбер	перевод	7 022,00		9 071,86	2016.3						
Л	27.03.2016	л.карта.сбер	перевод	-6 600,00	в кошелек	2 471,86	2016.3						
Л	27.03.2016	кошелек.Л	перевод	6 600,00	в кошелек	12 687,00	2016.3						
Л	27.03.2016	кошелек.Л	В долг	-5 000,00	Оксане	7 687,00	2016.3						
Л	27.03.2016	кошелек.Л	Отдал члену семьи	-1 000,00	Варе на англ.	6 687,00	2016.3						
Л	27.03.2016	кошелек.Л	Транспорт	-100,00	маме на проезд	6 587,00	2016.3						
Л	27.03.2016	кошелек.Л	Транспорт	-175,00	маршрутки	6 412,00	2016.3						
Л	27.03.2016	кошелек.Л	вещи	-670,00	варе колготки	5 742,00	2016.3						
В	28.03.2016	карта зарпл.В	еда.обед	-300,00		3 138,14	2016.3						
В	29.03.2016	карта зарпл.В	еда.обед	-305,00		2 833,14	2016.3						
Л	29.03.2016	кошелек.Л	В долг	5 000,00	Оксана вернула	10 742,00	2016.3						
Л	29.03.2016	л.карта.сбер	продукты	-180,00	колбаса	2 291,86	2016.3						
Л	29.03.2016	кошелек.Л	сигареты	-90,00	сигарет	10 652,00	2016.3						
Л	29.03.2016	кошелек.Л	продукты	-370,00	орехи и продукты	10 282,00	2016.3						
Л	29.03.2016	л.карта.сбер	кофе	-125,00	кофе	2 166,86	2016.3						
Л	29.03.2016	кошелек.Л	Транспорт	-35,00	маршрутка	10 247,00	2016.3						
Л	29.03.2016	кошелек.Л	зарплата	46 000,00	за март	56 247,00	2016.3						
Л	29.03.2016	кошелек.Л	еда.обед	-160,00	обед	56 087,00	2016.3						
Л	29.03.2016	кошелек.Л	продукты	-660,00	специи и масло	55 427,00	2016.3						
Л	29.03.2016	кошелек.Л	вещи	-3 327,00	тэппервэйв	52 100,00	2016.3						
Л	29.03.2016	л.карта.сбер	кофе	-150,00	кофе	2 016,86	2016.3						
Л	29.03.2016	кошелек.Л	Транспорт	-50,00	Билет	52 050,00	2016.3						
Л	29.03.2016	кошелек.Л	Транспорт	-1 570,00	Метро	50 480,00	2016.3						
Л	29.03.2016	кошелек.Л	Хозтовары	-735,00	Шампунь, бальзам прокладки	49 745,00	2016.3						
Л	29.03.2016	кошелек.Л	Сигареты	-90,00		49 655,00	2016.3						
В	30.03.2016	карта зарпл.В	продукты	-316,77	-317	2 516,37	2016.3						
Л	29.03.2016	кошелек.Л	перевод	-5 000,00		44 655,00	2016.3						
В	29.03.2016	кошелек.В	перевод	5 000,00		6 900,00	2016.3						
Л	30.03.2016	кошелек.Л	транспорт	-35,00	маршрутка	44 620,00	2016.3						
Л	30.03.2016	кошелек.Л	еда.обед	-90,00	обед	44 530,00	2016.3						
Л	30.03.2016	кошелек.Л	перевод	-35 000,00	на карту	9 530,00	2016.3						
Л	30.03.2016	л.карта.сбер	еда.обед	-320,00	обед и плюшка	1 696,86	2016.3						
Л	30.03.2016	л.карта.сбер	перевод	35 000,00	на карту	36 696,86	2016.3						
Л	30.03.2016	л.карта.сбер	перевод	-30 000,00	на вклад	6 696,86	2016.3						
Л	30.03.2016	сбер.вклад	перевод	30 000,00	на вклад	840 003,10	2016.3						
Л	30.03.2016	л.карта.сбер	связь	-400,00	мой тел	6 296,86	2016.3						
Л	30.03.2016	л.карта.сбер	ЖКХ	-264,00	телефон смольная	6 032,86	2016.3						
Л	30.03.2016	л.карта.сбер	ЖКХ	-3 677,00	ЖКХ март смольная	2 355,86	2016.3						
В	30.03.2016	кошелек.В	продукты	-800,00	печенье+фрукты	6 100,00	2016.3						
В	30.03.2016	карта зарпл.В	еда.обед	-305,00		2 211,37	2016.3						
Л	30.03.2016	кошелек.Л	Отдал члену семьи	-300,00	Варе	9 230,00	2016.3						
Л	30.03.2016	кошелек.Л	транспорт	-35,00	маршрутка	9 195,00	2016.3						
Л	30.03.2016	кошелек.Л	продукты	-110,00	печенье	9 085,00	2016.3						
Л	30.03.2016	кошелек.Л	Отдал члену семьи	-800,00	англ Варин	8 285,00	2016.3						
Л	30.03.2016	кошелек.Л	еда.обед	-210,00	обед	8 075,00	2016.3						
В	31.03.2016	карта зарпл.В	еда.обед	-305,00		1 906,37	2016.3						
Л	31.03.2016	кошелек.Л	Отдал члену семьи	-1 000,00	маме	7 075,00	2016.3						
Л	31.03.2016	л.карта.сбер	продукты	-1 073,00	продукты в магните	1 282,86	2016.3						
Л	31.03.2016	кошелек.Л	транспорт	-105,00	маршрутка	6 970,00	2016.3						
Л	31.03.2016	кошелек.Л	сигареты	-90,00	сигареты	6 880,00	2016.3						
Л	31.03.2016	л.карта.сбер	кофе	-150,00		1 132,86	2016.3						
В	01.04.2016	карта зарпл.В	еда.обед	-300,00		1 606,37	2016.4						
В	02.04.2016	карта зарпл.В	развлеченья	-816,00		790,37	2016.4						
В	02.04.2016	кошелек.В	продукты	-600,00		5 500,00	2016.4						
В	03.04.2016	карта зарпл.В	продукты	-43,00		747,37	2016.4						
В	03.04.2016	кошелек.В	продукты	-500,00		5 000,00	2016.4						
Л	04.04.2016	сбер.вклад	перевод	-5 000,00	на карту	835 003,10	2016.4						
Л	04.04.2016	л.карта.сбер	перевод	5 000,00		6 132,86	2016.4						
Л	04.04.2016	л.карта.сбер	перевод	-4 500,00	в кошелек	1 632,86	2016.4						
Л	04.04.2016	кошелек.Л	перевод	4 500,00		11 380,00	2016.4						
Л	04.04.2016	кошелек.Л	транспорт	-250,00	маршрутки на выходных	11 130,00	2016.4						
Л	04.04.2016	кошелек.Л	ресторан	-1 100,00	с ВАрей макароны	10 030,00	2016.4						
Л	04.04.2016	кошелек.Л	продукты	-4 185,00	на рынке	5 845,00	2016.4						
Л	04.04.2016	кошелек.Л	продукты	-110,00	мед	5 735,00	2016.4						
Л	04.04.2016	кошелек.Л	Отдал члену семьи	-1 100,00	рассада	4 635,00	2016.4						
Л	04.04.2016	кошелек.Л	сигареты	-85,00	сигареты	4 550,00	2016.4						
Л	04.04.2016	кошелек.Л	продукты	-200,00	хлеб, молоко, яйца	4 350,00	2016.4						
Л	04.04.2016	л.карта.сбер	развлеченья	-501,00	попкорн и вода в кино	1 131,86	2016.4						
Л	04.04.2016	л.карта.сбер	Кофе	-155,00	кофе	976,86	2016.4						
Л	04.04.2016	кошелек.Л	транспорт	-400,00	такси	3 950,00	2016.4						
Л	05.04.2016	кошелек.Л	еда.обед	-90,00	бутер	3 860,00	2016.4						
В	03.04.2016	кошелек.В	спортзал	-3 000,00		2 000,00	2016.4						
В	03.04.2016	кошелек.В	подарки	-1 000,00		1 000,00	2016.4						
В	03.04.2016	кошелек.В	еда.обед	-300,00		700,00	2016.4						
В	03.04.2016	кошелек.В	еда.обед	-250,00		450,00	2016.4						
Л	04.04.2016	сбер.вклад	перевод	-5 000,00	на карту сбер	830 003,10	2016.4						
Л	04.04.2016	л.карта.сбер	перевод	5 000,00		5 976,86	2016.4						
Л	04.04.2016	л.карта.сбер	квартира	-5 500,00	Ирине на доки по квартире	476,86	2016.4						
Л	04.04.2016	кошелек.Л	продукты	-2 200,00	орехи, морепродукты, фрукты	1 660,00	2016.4						
Л	04.04.2016	кошелек.Л	транспорт	-70,00	маршрутка	1 590,00	2016.4						
Л	05.04.2016	кошелек.Л	еда.обед	-240,00	обед	1 350,00	2016.4						
В	05.04.2016	карта старая.В	развлеченья	-269,00	apple music	195,30	2016.4						
Л	07.04.2016	кошелек.Л	перевод	-1 000,00	Вадиму	350,00	2016.4						
В	07.04.2016	кошелек.В	перевод	1 000,00	мяу	1 450,00	2016.4						
Л	07.04.2016	кошелек.Л	еда.обед	-200,00	обед	150,00	2016.4						
Л	07.04.2016	сбер.вклад	перевод	-5 000,00	на карту	825 003,10	2016.4						
Л	07.04.2016	л.карта.сбер	перевод	5 000,00		5 476,86	2016.4						
Л	07.04.2016	л.карта.сбер	сигареты	-149,00	сигареты, плюшки	5 327,86	2016.4						
В	07.04.2016	карта зарпл.В	еда.обед	-595,00	обед 2 дня	152,37	2016.4						
В	07.04.2016	кошелек.В	Кофе	-200,00		1 250,00	2016.4						
Л	07.04.2016	кошелек.Л	комиссии и штрафы	-600,00	пошлина	(450,00)	2016.4						
Л	07.04.2016	л.карта.сбер	транспорт	-467,00	такси	4 860,86	2016.4						
Л	07.04.2016	кошелек.Л	кофе	-25,00	кофе	(475,00)	2016.4						
Л	08.04.2016	л.карта.сбер	сигареты	-120,00	сигареты, плюшка	4 740,86	2016.4						
Л	08.04.2016	л.карта.сбер	Кофе	-155,00	кофе	4 585,86	2016.4						
Л	08.04.2016	л.карта.сбер	продукты	-335,00	магнит продукты	4 250,86	2016.4						
Л	08.04.2016	л.карта.сбер	перевод	-4 000,00	в кошелек	250,86	2016.4						
Л	08.04.2016	кошелек.Л	перевод	4 000,00		3 525,00	2016.4						
Л	08.04.2016	кошелек.Л	транспорт	-35,00	маршрутка	3 490,00	2016.4						
В	08.04.2016	кошелек.В	еда.обед	-300,00		950,00	2016.4						
В	08.04.2016	карта зарпл.В	зарплата	70 177,48		70 329,85	2016.4						
Л	08.04.2016	л.карта.сбер	еда.обед	-160,00	круасан на двоих	90,86	2016.4						
Л	08.04.2016	кошелек.Л	Кофе	-120,00		3 370,00	2016.4						
В	08.04.2016	кошелек.В	перевод	10 000,00		10 950,00	2016.4						
В	08.04.2016	конверт.кварт	перевод	50 000,00		50 000,00	2016.4						
В	08.04.2016	карта зарпл.В	перевод	-60 000,00		10 329,85	2016.4						
В	08.04.2016	кошелек.В	ресторан	-150,00		10 800,00	2016.4						
В	08.04.2016	карта зарпл.В	ресторан	-1 750,00		8 579,85	2016.4						
В	08.04.2016	карта зарпл.В	авто.топливо	-500,00	лукоил	8 079,85	2016.4						
В	08.04.2016	кошелек.В	подарки	-500,00		10 300,00	2016.4						
Л	09.04.2016	кошелек.Л	подарки	-2 500,00	Катя др	870,00	2016.4						
Л	09.04.2016	кошелек.Л	Авон	500,00	От Кати за авон	1 370,00	2016.4						
Л	09.04.2016	л.карта.сбер	Перевод	-1 000,00	В кошелек	(909,14)	2016.4						
Л	09.04.2016	кошелек.Л	Перевод	1 000,00		2 370,00	2016.4						
Л	09.04.2016	сбер.вклад	Перевод	-1 000,00	На карту	824 003,10	2016.4						
Л	09.04.2016	л.карта.сбер	Перевод	1 000,00		90,86	2016.4						
Л	09.04.2016	кошелек.Л	Кофе	-300,00		2 070,00	2016.4						
В	10.04.2016	кошелек.В	отдал члену семьи	-5 000,00	Соне	5 300,00	2016.4						
В	10.04.2016	кошелек.В	перевод	-5 000,00	кошелек.Л	300,00	2016.4						
Л	10.04.2016	кошелек.Л	перевод	5 000,00		7 070,00	2016.4						
В	10.04.2016	кошелек.В	красота	-250,00	парикмахерская	50,00	2016.4						
В	10.04.2016	кошелек.В	перевод	-50,00	на сбер	0,00	2016.4						
В	10.04.2016	карта сбер.В	перевод	50,00		86,00	2016.4						
В	10.04.2016	карта сбер.В	коммисия сбер	-60,00		26,00	2016.4						
В	11.04.2016	карта зарпл.В	еда.обед	-243,09		7 836,76	2016.4						
В	11.04.2016	карта зарпл.В	ресторан	-340,00	мак	7 496,76	2016.4						
Л	11.04.2016	кошелек.Л	развлеченья	-690,00	кино, попкорн, вода	6 380,00	2016.4						
Л	11.04.2016	кошелек.Л	вещи	-830,00	Варя майки и трусы	5 550,00	2016.4						
Л	11.04.2016	кошелек.Л	продукты	-670,00	продукты магнит	4 880,00	2016.4						
Л	11.04.2016	кошелек.Л	Кофе	-415,00	2 раза по кофе	4 465,00	2016.4						
Л	11.04.2016	кошелек.Л	сигареты	-90,00	сигареты	4 375,00	2016.4						
Л	11.04.2016	кошелек.Л	еда.обед	-180,00		4 195,00	2016.4						
Л	11.04.2016	кошелек.Л	транспорт	-140,00	маршрутка	4 055,00	2016.4						
Л	11.04.2016	кошелек.Л	ресторан	-680,00	макдак	3 375,00	2016.4						
Л	11.04.2016	кошелек.Л	развлеченья	-229,00	игрушка Варе	3 146,00	2016.4						
Л	11.04.2016	кошелек.Л	аптека	-122,00	аевит	3 024,00	2016.4						
Л	12.04.2016	кошелек.Л	транспорт	-35,00	маршрутка	2 989,00	2016.4						
Л	12.04.2016	кошелек.Л	еда.обед	-100,00	булочка с мясом	2 889,00	2016.4						
Л	12.04.2016	кошелек.Л	Кофе	-150,00		2 739,00	2016.4						
Л	13.04.2016	л.карта.сбер	связь	-80,78	мгтс	10,08	2016.4						
Л	13.04.2016	кошелек.Л	сигареты	-160,00	сигареты, шоколадка	2 579,00	2016.4						
Л	13.04.2016	кошелек.Л	еда.обед	-460,00	обед с рыбкой	2 119,00	2016.4						
Л	14.04.2016	кошелек.Л	развлеченья	-1 530,00	карандаши, клей, книга Варе, ручки	589,00	2016.4						
Л	14.04.2016	сбер.вклад	перевод	-5 500,00	л.карта.сбер	818 503,10	2016.4						
Л	14.04.2016	л.карта.сбер	перевод	5 500,00	в кошелек	5 510,08	2016.4						
Л	14.04.2016	л.карта.сбер	Кофе	-260,00		5 250,08	2016.4						
Л	14.04.2016	л.карта.сбер	перевод	-2 500,00	в кошелек	2 750,08	2016.4						
Л	14.04.2016	кошелек.Л	перевод	2 500,00		3 089,00	2016.4						
Л	14.04.2016	кошелек.Л	отдал члену семьи	-800,00	англ.Варя	2 289,00	2016.4						
Л	14.04.2016	кошелек.Л	транспорт	-70,00	маршрутка	2 219,00	2016.4						
В	14.04.2016	карта зарпл.В	еда.обед	-239,18		7 257,58	2016.4						
В	14.04.2016	карта зарпл.В	еда.обед	-298,00		6 959,58	2016.4						
В	14.04.2016	кошелек.В	перевод	5 000,00		5 000,00	2016.4						
В	14.04.2016	конверт.кварт	перевод	-5 000,00		45 000,00	2016.4						
В	14.04.2016	кошелек.В	еда.обед	-300,00		4 700,00	2016.4						
В	14.04.2016	кошелек.В	продукты	-250,00		4 450,00	2016.4						
Л	14.04.2016	л.карта.сбер	авон оплата	-2 100,00		650,08	2016.4						
Л	15.04.2016	л.карта.сбер	отдал члену семьи	-160,00	Оксане моб.	490,08	2016.4						
Л	15.04.2016	кошелек.Л	отдал члену семьи	160,00	в кошелек	2 379,00	2016.4						
Л	15.04.2016	кошелек.Л	еда.обед	-200,00		2 179,00	2016.4						
Л	15.04.2016	кошелек.Л	еда.обед	-88,00	печенье	2 091,00	2016.4						
Л	15.04.2016	кошелек.Л	продукты	-1 600,00		491,00	2016.4						
Л	15.04.2016	кошелек.Л	кофе	-150,00		341,00	2016.4						
Л	15.04.2016	кошелек.Л	продукты	-150,00	шоколадка - необходимость	191,00	2016.4						
В	18.04.2016	кошелек.В	перевод	5 000,00		9 450,00	2016.4						
В	18.04.2016	конверт.кварт	перевод	-5 000,00		40 000,00	2016.4						
В	18.04.2016	кошелек.В	перевод	-1 500,00	в кошелек Л	7 950,00	2016.4						
Л	18.04.2016	кошелек.Л	перевод	1 500,00		1 691,00	2016.4						
В	18.04.2016	кошелек.В	перевод	-5 000,00	в кошелек Л	2 950,00	2016.4						
Л	18.04.2016	кошелек.Л	перевод	5 000,00		6 691,00	2016.4						
Л	18.04.2016	кошелек.Л	вещи	-4 000,00	Варе скейтборд	2 691,00	2016.4						
Л	18.04.2016	кошелек.Л	транспорт	-70,00	маршрутка	2 621,00	2016.4						
Л	18.04.2016	л.карта.сбер	кофе	-175,00		315,08	2016.4						
Л	18.04.2016	кошелек.Л	развлеченья	-284,00	Леонардо	2 337,00	2016.4						
Л	18.04.2016	кошелек.Л	ресторан	-475,00	макдак	1 862,00	2016.4						
Л	18.04.2016	л.карта.сбер	продукты	-239,00	магнит кукуруза чай, уксус	76,08	2016.4						
Л	18.04.2016	сбер.вклад	перевод	-2 500,00	со вклда	816 003,10	2016.4						
Л	18.04.2016	л.карта.сбер	перевод	2 500,00	на карту	2 576,08	2016.4						
Л	18.04.2016	кошелек.Л	подарки	-954,00		908,00	2016.4						
Л	18.04.2016	кошелек.Л	отдал члену семьи	-100,00	Варе в школу	808,00	2016.4						
Л	18.04.2016	кошелек.Л	сигареты	-90,00		718,00	2016.4						
Л	18.04.2016	кошелек.Л	кофе	-370,00		348,00	2016.4						
Л	18.04.2016	л.карта.сбер	связь	-200,00	Варе на телефон	2 376,08	2016.4						
Л	18.04.2016	л.карта.сбер	аптека	-178,00	аптека	2 198,08	2016.4						
Л	18.04.2016	л.карта.сбер	еда.обед	-259,00		1 939,08	2016.4						
В	18.04.2016	карта зарпл.В	еда.обед	-310,00		6 649,58	2016.4	6197,58			452,00		
Л	18.04.2016	л.карта.сбер	кофе	-300,00	кофе и шоколад	1 639,08	2016.4						
В	12.04.2016	карта зарпл.В	продукты	-452,00		6 197,58	2016.4						
Л	19.04.2016	кошелек.Л	еда.обед	-205,00		143,00	2016.4						
Л	19.04.2016	л.карта.сбер	кофе	-107,00		1 532,08	2016.4						
Л	19.04.2016	л.карта.сбер	коммисия сбер	-30,00		1 502,08	2016.4						
Л	19.04.2016	л.карта.сбер	аптека	-523,00	лекарства мне	979,08	2016.4						
Л	19.04.2016	л.карта.сбер	перевод	-700,00	в кошелек	279,08	2016.4						
Л	19.04.2016	кошелек.Л	перевод	700,00		843,00	2016.4						
Л	19.04.2016	л.карта.сбер	коммисия сбер	-30,00		249,08	2016.4						
Л	19.04.2016	кошелек.Л	транспорт	-300,00	такси, маршрутка	543,00	2016.4						
Л	19.04.2016	л.карта.сбер	кофе	-149,00		100,08	2016.4						
В	19.04.2016	карта зарпл.В	еда.обед	-300,00		5 897,58	2016.4						
Л	20.04.2016	кошелек.Л	сигареты	-90,00		453,00	2016.4						
Л	20.04.2016	кошелек.Л	еда.обед	-90,00		363,00	2016.4						
Л	20.04.2016	кошелек.Л	транспорт	-35,00	маршрутка	328,00	2016.4						
Л	20.04.2016	сбер.вклад	перевод	-1 000,00		815 003,10	2016.4						
Л	20.04.2016	л.карта.сбер	перевод	1 000,00		1 100,08	2016.4						
Л	20.04.2016	л.карта.сбер	перевод	-700,00		400,08	2016.4						
Л	20.04.2016	кошелек.Л	перевод	700,00		1 028,00	2016.4						
Л	20.04.2016	л.карта.сбер	продукты	-90,00	шпикачки	310,08	2016.4						
Л	20.04.2016	кошелек.Л	продукты	-350,00	вкусный кефир, сметана, печенье	678,00	2016.4						
В	20.04.2016	карта зарпл.В	еда.обед	-310,00		5 587,58	2016.4						
В	20.04.2016	кошелек.В	еда.обед	-100,00	печенье	2 850,00	2016.4						
Л	20.04.2016	кошелек.Л	сигареты	-90,00		588,00	2016.4						
В	20.04.2016	карта зарпл.В	зарплата	30 000,00		35 587,58	2016.4						
В	20.04.2016	конверт.кварт	перевод	-5 000,00		35 000,00	2016.4						
Л	20.04.2016	кошелек.Л	перевод	5 000,00		5 588,00	2016.4						
Л	21.04.2016	кошелек.Л	транспорт	-1 570,00	на метро 60 поездок	4 018,00	2016.4						
Л	20.04.2016	кошелек.Л	транспорт	-35,00	маршрутка	3 983,00	2016.4						
Л	20.04.2016	кошелек.Л	сигареты	-90,00		3 893,00	2016.4						
Л	20.04.2016	л.карта.сбер	кофе	-119,00		191,08	2016.4						
Л	21.04.2016	кошелек.Л	кофе	-120,00		3 773,00	2016.4						
В	20.04.2016	карта зарпл.В	еда.обед	-370,00		35 217,58	2016.4						
В	21.04.2016	конверт.кварт	перевод	-5 000,00		30 000,00	2016.4						
В	21.04.2016	кошелек.В	перевод	5 000,00		7 850,00	2016.4						
В	21.04.2016	кошелек.В	продукты	-1 350,00	куда то дел. 	6 500,00	2016.4						
Л	21.04.2016	л.карта.сбер	связь	-80,78	оплата мгтс смольная	110,30	2016.4						
Л	21.04.2016	сбер.вклад	перевод	-4 000,00	на карту для жкх	811 003,10	2016.4						
Л	21.04.2016	л.карта.сбер	перевод	4 000,00		4 110,30	2016.4						
Л	21.04.2016	л.карта.сбер	жкх	-513,11	мосэнерго по смольной	3 597,19	2016.4						
В	16.04.2016	кошелек.В	авто.топливо	-1 700,00		4 800,00	2016.4						
Л	21.04.2016	кошелек.Л	еда.обед	-190,00		3 583,00	2016.4						
Л	22.04.2016	кошелек.Л	сигареты	-180,00	сигареты, холс	3 403,00	2016.4						
Л	22.04.2016	л.карта.сбер	еда.обед	-60,00	булочка	3 537,19	2016.4						
Л	22.04.2016	кошелек.Л	еда.обед	-275,00		3 128,00	2016.4						
Л	22.04.2016	кошелек.Л	транспорт	-35,00	маршрутка	3 093,00	2016.4						
Л	22.04.2016	кошелек.Л	еда.обед	-150,00		2 943,00	2016.4						
Л	22.04.2016	л.карта.сбер	связь	-100,00	мой тел	3 437,19	2016.4						
В	23.04.2016	карта зарпл.В	авто.штрафы	-750,00	штраф	34 467,58	2016.4						
В	22.04.2016	карта зарпл.В	еда.обед	-310,00		34 157,58	2016.4						
В	22.04.2016	кошелек.В	подарки	-3 000,00	ДР сестры	1 800,00	2016.4						
В	23.04.2016	карта зарпл.В	развлеченья	-1 050,00	кино	33 107,58	2016.4						
В	20.04.2016	конверт.кварт	перевод	-30 000,00		0,00	2016.4						
В	20.04.2016	кошелек.В	перевод	4 500,00		6 300,00	2016.4						
Л	23.04.2016	кошелек.Л	перевод	25 500,00		28 443,00	2016.4						
В	24.04.2016	кошелек.В	книги	-1 500,00	книга	4 800,00	2016.4						
В	24.04.2016	кошелек.В	аптека	-1 200,00	лекарства	3 600,00	2016.4						
В	23.04.2016	карта зарпл.В	ресторан	-995,00	мак	32 112,58	2016.4						
В	25.04.2016	кошелек.В	транспорт	-1 600,00	проездной на 60 поездок	2 000,00	2016.4						
В	25.04.2016	кошелек.В	продукты	-50,00		1 950,00	2016.4						
В	25.04.2016	карта зарпл.В	связь	-600,00	мегафон	31 512,58	2016.4						
В	25.04.2016	карта зарпл.В	еда.обед	-300,00		31 212,58	2016.4						
В	25.04.2016	карта зарпл.В	перевод	-15 000,00		16 212,58	2016.4						
В	25.04.2016	кошелек.В	перевод	15 000,00		16 950,00	2016.4						
Л	25.04.2016	л.карта.сбер	авон	-2 943,00		494,19	2016.4						
Л	25.04.2016	кошелек.Л	зарплата	46 000,00		74 443,00	2016.4						
Л	25.04.2016	кошелек.Л	перевод	-60 000,00		14 443,00	2016.4						
Л	25.04.2016	сбер.вклад	перевод	60 000,00		871 003,10	2016.4						
Л	25.04.2016	сбер.вклад	доход.%	4 964,00	проценты по вкладу	875 967,10	2016.4						
Л	25.04.2016	кошелек.Л	подарки	-3 000,00	Оксане ДР	11 443,00	2016.4						
Л	25.04.2016	кошелек.Л	подарки	-1 450,00	Цветы Наталье и Оксане	9 993,00	2016.4						
Л	25.04.2016	кошелек.Л	подарки	-500,00	Оксане в офисе на др	9 493,00	2016.4						
Л	25.04.2016	сбер.вклад	перевод	-4 000,00		871 967,10	2016.4						
Л	25.04.2016	л.карта.сбер	перевод	4 000,00	на карту	4 494,19	2016.4						
Л	25.04.2016	л.карта.сбер	перевод	-3 000,00		1 494,19	2016.4						
Л	25.04.2016	кошелек.Л	перевод	3 000,00		12 493,00	2016.4						
Л	25.04.2016	кошелек.Л	еда.обед	-200,00		12 293,00	2016.4						
Л	25.04.2016	кошелек.Л	кофе	-120,00	кофе	12 173,00	2016.4						
Л	25.04.2016	сбер.вклад	перевод	-6 000,00		865 967,10	2016.4						
Л	25.04.2016	л.карта.сбер	перевод	6 000,00		7 494,19	2016.4						
Л	25.04.2016	л.карта.сбер	перевод	-4 400,00	в кошелек	3 094,19	2016.4						
Л	25.04.2016	кошелек.Л	перевод	4 400,00		16 573,00	2016.4						
Л	25.04.2016	л.карта.сбер	еда.обед	-150,00		2 944,19	2016.4						
Л	25.04.2016	кошелек.Л	сигареты	-150,00		16 423,00	2016.4						
Л	25.04.2016	кошелек.Л	транспорт	-120,00		16 303,00	2016.4						
Л	25.04.2016	л.карта.сбер	перевод	549,00		3 493,19	2016.4						
Л	25.04.2016	кошелек.Л	развлеченья	-450,00	на экскурсии	15 853,00	2016.4						
Л	25.04.2016	кошелек.Л	кофе	-150,00		15 703,00	2016.4						
Л	25.04.2016	сбер.вклад	в долг	-10 000,00		855 967,10	2016.4						
Л	25.04.2016	кошелек.Л	перевод	-549,00		15 154,00	2016.4						
Л	27.04.2016	кошелек.Л	продукты	-12 000,00	в метро	3 154,00	2016.4						
Л	27.04.2016	кошелек.Л	транспорт	-70,00	маршрутка	3 084,00	2016.4						
Л	27.04.2016	л.карта.сбер	кофе	-300,00		3 193,19	2016.4						
Л	27.04.2016	л.карта.сбер	связь	-100,00	мой тел	3 093,19	2016.4						
Л	27.04.2016	сбер.вклад	в долг	10 000,00	Оксана вернула	865 967,10	2016.4						
Л	27.04.2016	кошелек.Л	зарплата	46 000,00		49 084,00	2016.4						
Л	27.04.2016	кошелек.Л	перевод	-45 000,00	на карту	4 084,00	2016.4						
Л	27.04.2016	л.карта.сбер	перевод	45 000,00	на вклад	48 093,19	2016.4						
Л	27.04.2016	л.карта.сбер	перевод	-41 000,00		7 093,19	2016.4						
Л	27.04.2016	кошелек.Л	кофе	-120,00		3 964,00	2016.4						
Л	27.04.2016	кошелек.Л	сигареты	-90,00	сигареты	3 874,00	2016.4						
Л	27.04.2016	кошелек.Л	книги	-133,00	журнал	3 741,00	2016.4						
Л	28.04.2016	л.карта.сбер	связь	-300,00	мой тел	6 793,19	2016.4						
Л	28.04.2016	сбер.вклад	перевод	41 000,00		906 967,10	2016.4						
Л	28.04.2016	л.карта.сбер	связь	-400,00	планшет	6 393,19	2016.4						
Л	28.04.2016	кошелек.Л	отдал члену семьи	-800,00	Варя англ	2 941,00	2016.4						
Л	28.04.2016	кошелек.Л	отдал члену семьи	-1 000,00		1 941,00	2016.4						
Л	28.04.2016	кошелек.Л	транспорт	-185,00	маршрутки	1 756,00	2016.4						
Л	28.04.2016	сбер.вклад	перевод	-11 000,00	в кошелек	895 967,10	2016.4						
Л	28.04.2016	кошелек.Л	перевод	11 000,00		12 756,00	2016.4						
В	28.04.2016	карта зарпл.В	еда.обед	-298,00		15 914,58	2016.4						
В	27.04.2016	карта зарпл.В	еда.обед	-264,72		15 649,86	2016.4						
Л	28.04.2016	кошелек.Л	кофе	-300,00	кофе, шоколадка	12 456,00	2016.4						
Л	29.04.2016	кошелек.Л	кофе	-120,00		12 336,00	2016.4						
Л	29.04.2016	кошелек.Л	ресторан	-540,00	пицца варе	11 796,00	2016.4						
Л	29.04.2016	кошелек.Л	еда.обед	-120,00		11 676,00	2016.4						
Л	29.04.2016	кошелек.Л	транспорт	-70,00	маршрутка	11 606,00	2016.4						
Л	29.04.2016	л.карта.сбер	жкх	-2 969,51	ЖКХ смольная апрель	3 423,68	2016.4						
В	29.04.2016	карта зарпл.В	еда.обед	-310,00		15 339,86	2016.4						
В	28.04.2016	кошелек.В	продукты	-600,00		16 350,00	2016.4						
В	26.04.2016	кошелек.В	еда.обед	-350,00		16 000,00	2016.4						
В	30.04.2016	кошелек.В	аренда	2 000,00		18 000,00	2016.4						
В	30.04.2016	карта зарпл.В	аренда	-400,00		14 939,86	2016.4						
В	30.04.2016	карта зарпл.В	вещи	-7 440,00	стиралка и кофе	7 499,86	2016.4						
В	30.04.2016	карта зарпл.В	вещи	-5 350,00	подарок	2 149,86	2016.4						
В	30.04.2016	карта зарпл.В	хозтовары	-228,00	розетки	1 921,86	2016.4						
В	30.04.2016	кошелек.В	продукты	-1 600,00	на дачу	16 400,00	2016.4						
В	02.05.2016	кошелек.В	вещи	-5 800,00	болгарка	10 600,00	2016.5						
В	05.05.2016	кошелек.В	отдал члену семьи	-5 000,00	Софье	5 600,00	2016.5						
В	05.05.2016	кошелек.В	отдал члену семьи	5 000,00	отдала мама	10 600,00	2016.5						
В	05.05.2016	кошелек.В	авто.топливо	-1 700,00	ЁЁ	8 900,00	2016.5						
В	05.05.2016	кошелек.В	транспорт	-300,00	электричка	8 600,00	2016.5						
В	05.05.2016	кошелек.В	связь	-600,00	симки рязанские	8 000,00	2016.5						
В	05.05.2016	кошелек.В	хозтовары	-2 000,00	плитка	6 000,00	2016.5						
В	05.05.2016	кошелек.В	продукты	-950,00		5 050,00	2016.5						
В	05.05.2016	кошелек.В	развлеченья	-1 300,00	аренда места у озера	3 750,00	2016.5						
В	05.05.2016	карта зарпл.В	зарплата	69 214,10		71 135,96	2016.5						
В	08.05.2016	карта зарпл.В	ресторан	-140,00	мак	70 995,96	2016.5						
В	08.05.2016	карта зарпл.В	авто.топливо	-684,90		70 311,06	2016.5						
В	10.05.2016	карта зарпл.В	перевод	-50 000,00		20 311,06	2016.5						
В	10.05.2016	кошелек.В	перевод	50 000,00		53 750,00	2016.5						
В	10.05.2016	карта зарпл.В	перевод	-400,00		19 911,06	2016.5						
В	10.05.2016	карта старая.В	перевод	400,00		595,30	2016.5						
В	10.05.2016	карта старая.В	развлеченья	-269,00	apple music	326,30	2016.5						
В	10.05.2016	кошелек.В	перевод	-30 000,00		23 750,00	2016.5						
В	10.05.2016	кошелек.Л	перевод	30 000,00		41 606,00	2016.5						
Л	10.05.2016	кошелек.Л	аптека	-830,00		40 776,00	2016.5						
Л	10.05.2016	л.карта.сбер	продукты	-293,58	продукты дикси	3 130,10	2016.5						
Л	10.05.2016	кошелек.Л	хозтовары	-645,00	товары хоз на дачу	40 131,00	2016.5						
Л	10.05.2016	л.карта.сбер	ресторан	-669,00	макдак	2 461,10	2016.5						
Л	10.05.2016	кошелек.Л	продукты	-6 500,00	на дачу	33 631,00	2016.5						
Л	10.05.2016	л.карта.сбер	вещи.одежда, обувь	-13 047,00	одежда	(10 585,90)	2016.5						
Л	10.05.2016	л.карта.сбер	связь	-300,00	лера мегафон	(10 885,90)	2016.5						
Л	10.05.2016	л.карта.сбер	связь	-300,00	Вадим на мегафон	(11 185,90)	2016.5						
Л	10.05.2016	л.карта.сбер	продукты	-364,00	магнит	(11 549,90)	2016.5						
Л	10.05.2016	л.карта.сбер	авон	1 100,00	тНадя за авон	(10 449,90)	2016.5						
Л	10.05.2016	сбер.вклад	перевод	-15 000,00	на карту сбера	880 967,10	2016.5						
Л	10.05.2016	л.карта.сбер	перевод	15 000,00	на карте	4 550,10	2016.5						
Л	10.05.2016	кошелек.Л	красота	-1 000,00	маникюр	32 631,00	2016.5						
Л	10.05.2016	л.карта.сбер	вещи.одежда, обувь	-837,00	подследники	3 713,10	2016.5						
Л	10.05.2016	кошелек.Л	сигареты	-293,58		32 337,42	2016.5						
Л	10.05.2016	кошелек.Л	продукты	500,00	Володя отдал за мясо	32 837,42	2016.5						
Л	10.05.2016	л.карта.сбер	перевод	-2 000,00		1 713,10	2016.5						
Л	10.05.2016	кошелек.Л	перевод	2 000,00		34 837,42	2016.5						
Л	10.05.2016	сбер.вклад	перевод	-5 000,00		875 967,10	2016.5						
Л	10.05.2016	л.карта.сбер	перевод	5 000,00		6 713,10	2016.5						
Л	10.05.2016	л.карта.сбер	вещи.одежда, обувь	-5 439,00	обувь 2 пары	1 274,10	2016.5						
Л	10.05.2016	кошелек.Л	кофе	-99,00	кофе	34 738,42	2016.5						
Л	10.05.2016	л.карта.сбер	продукты	-305,00	леб, продукты	969,10	2016.5						
Л	10.05.2016	л.карта.сбер	связь	-105,00	моб. лера	864,10	2016.5						
Л	10.05.2016	кошелек.Л	продукты	-1 900,00	в походе мясо, овощи	32 838,42	2016.5						
Л	10.05.2016	кошелек.Л	ресторан	-1 200,00	макдак	31 638,42	2016.5						
Л	10.05.2016	кошелек.Л	еда.обед	-140,00		31 498,42	2016.5						
Л	10.05.2016	кошелек.Л	транспорт	-145,00	маршрутки	31 353,42	2016.5						
В	10.05.2016	карта зарпл.В	еда.обед	-300,00		19 611,06	2016.5						
Л	10.05.2016	кошелек.Л	кофе	-120,00		31 233,42	2016.5						
Л	10.05.2016	кошелек.Л	отдал члену семьи	-1 000,00	Маме на врача	30 233,42	2016.5						
В	08.05.2016	кошелек.В	продукты	1 000,00	андрей	24 750,00	2016.5						
В	10.05.2016	кошелек.В	хозтовары	-250,00	кольца, шнур, щетка	24 500,00	2016.5						
В	11.05.2016	карта зарпл.В	еда.обед	-65,00	завтрак	19 546,06	2016.5						
Л	11.05.2016	л.карта.сбер	кофе	-120,00		744,10	2016.5						
Л	11.05.2016	кошелек.Л	транспорт	-70,00	маршрутка	30 163,42	2016.5						
Л	11.05.2016	кошелек.Л	еда.обед	-150,00		30 013,42	2016.5						
В	11.05.2016	карта зарпл.В	спортзал	-2 997,00	кимоно	16 549,06	2016.5						
В	11.05.2016	карта зарпл.В	вещи	-8 170,00	сумки	8 379,06	2016.5						
В	12.05.2016	кошелек.В	книги	-2 650,00		21 850,00	2016.5						
Л	12.05.2016	л.карта.сбер	перевод	-700,00	в кошлек	44,10	2016.5						
Л	12.05.2016	кошелек.Л	перевод	700,00		30 713,42	2016.5						
В	12.05.2016	кошелек.В	спортзал	-3 000,00		18 850,00	2016.5						
В	12.05.2016	карта зарпл.В	еда.обед	-260,00		8 119,06	2016.5						
В	12.05.2016	карта зарпл.В	еда.обед	-219,74		7 899,32	2016.5						
В	13.05.2016	карта зарпл.В	развлеченья	-800,00	кино	7 099,32	2016.5						
В	14.05.2016	карта зарпл.В	хозтовары	-854,00	краска+расходники	6 245,32	2016.5						
В	12.05.2016	карта зарпл.В	доход.%	93,70	кешбек	6 339,02	2016.5						
В	12.05.2016	кошелек.В	хозтовары	-750,00	шланг+футорка	18 100,00	2016.5						
В	12.05.2016	кошелек.В	ресторан	-1 100,00		17 000,00	2016.5						
В	12.05.2016	кошелек.В	еда.обед	-300,00		16 700,00	2016.5						
В	12.05.2016	кошелек.В	авто	-150,00	парковка метрополис	16 550,00	2016.5						
В	13.05.2016	кошелек.В	продукты	-400,00	??	16 150,00	2016.5						
В	16.05.2016	кошелек.В	перевод	-6 000,00		10 150,00	2016.5						
Л	16.05.2016	кошелек.Л	перевод	6 000,00		36 713,42	2016.5						
В	16.05.2016	карта зарпл.В	хоз.расходы	-500,00	ремонт ботинок	5 839,02	2016.5						
В	16.05.2016	карта зарпл.В	еда.обед	-310,00		5 529,02	2016.5						
Л	16.05.2016	кошелек.Л	транспорт	-123,00	лектричка туда обратно	36 590,42	2016.5						
Л	16.05.2016	л.карта.сбер	ресторан	-900,00	с Варей пицца	(855,90)	2016.5						
Л	16.05.2016	кошелек.Л	кофе	-120,00		36 470,42	2016.5						
Л	16.05.2016	кошелек.Л	кофе	-125,00		36 345,42	2016.5						
Л	16.05.2016	кошелек.Л	хозтовары	-95,00	батарейка	36 250,42	2016.5						
Л	16.05.2016	сбер.вклад	перевод	-2 000,00	на карту	873 967,10	2016.5						
Л	16.05.2016	л.карта.сбер	перевод	2 000,00		1 144,10	2016.5						
Л	16.05.2016	кошелек.Л	перевод	-25 000,00		11 250,42	2016.5						
Л	16.05.2016	л.карта.сбер	перевод	25 000,00		26 144,10	2016.5						
Л	16.05.2016	л.карта.сбер	перевод	-1 300,00	в кошелек	24 844,10	2016.5						
Л	16.05.2016	кошелек.Л	перевод	1 300,00		12 550,42	2016.5						
Л	16.05.2016	л.карта.сбер	еда.обед	-453,00	леб и обед	24 391,10	2016.5						
Л	16.05.2016	л.карта.сбер	развлеченья	-630,00	попкорн вода	23 761,10	2016.5						
Л	16.05.2016	кошелек.Л	еда.обед	-140,00	мороженное	12 410,42	2016.5						
Л	16.05.2016	л.карта.сбер	ЖКХ	-243,62	телефон смольная	23 517,48	2016.5						
Л	16.05.2016	л.карта.сбер	ЖКХ	-497,87	мосэнерго	23 019,61	2016.5						
Л	16.05.2016	л.карта.сбер	перевод	-20 000,00	на вклад	3 019,61	2016.5						
Л	16.05.2016	сбер.вклад	перевод	20 000,00		893 967,10	2016.5						
Л	16.05.2016	л.карта.сбер	продукты	-573,00	продукты магнит	2 446,61	2016.5						
Л	16.05.2016	л.карта.сбер	отдал члену семьи	-462,00	книжный для Вари тетради, ручки маркеры	1 984,61	2016.5						
Л	16.05.2016	кошелек.Л	подарки	-1 000,00	подарок для Феди	11 410,42	2016.5						
Л	16.05.2016	сбер.вклад	перевод	-8 500,00		885 467,10	2016.5						
Л	16.05.2016	л.карта.сбер	перевод	8 500,00		10 484,61	2016.5						
Л	16.05.2016	л.карта.сбер	продукты	-8 815,15	Метро магазин	1 669,46	2016.5						
Л	16.05.2016	кошелек.Л	сигареты	-120,00		11 290,42	2016.5						
Л	16.05.2016	кошелек.Л	отдал члену семьи	-1 000,00	ВАре на англ.	10 290,42	2016.5						
Л	16.05.2016	кошелек.Л	транспорт	-300,00	такси	9 990,42	2016.5						
Л	16.05.2016	кошелек.Л	ресторан	-680,00	одед	9 310,42	2016.5						
Л	16.05.2016	кошелек.Л	транспорт	-260,00	маршрутки	9 050,42	2016.5						
Л	16.05.2016	кошелек.Л	подарки	-1 200,00	фрукты и тортик	7 850,42	2016.5						
Л	16.05.2016	кошелек.Л	еда.обед	-300,00		7 550,42	2016.5						
Л	16.05.2016	кошелек.Л	сигареты	-180,42		7 370,00	2016.5						
Л	17.05.2016	кошелек.Л	в долг	-5 000,00		2 370,00	2016.5						
Л	18.05.2016	л.карта.сбер	кофе	-285,00		1 384,46	2016.5						
Л	18.05.2016	л.карта.сбер	кофе	-120,00		1 264,46	2016.5						
Л	18.05.2016	кошелек.Л	отдал члену семьи	-1 000,00	Варе на англ.	1 370,00	2016.5						
Л	18.05.2016	кошелек.Л	продукты	-520,00		850,00	2016.5						
Л	18.05.2016	кошелек.Л	еда.обед	-100,00		750,00	2016.5						
Л	18.05.2016	л.карта.сбер	аптека	-148,00	ромашка	1 116,46	2016.5						
Л	18.05.2016	кошелек.Л	еда.обед	-261,00	обед	489,00	2016.5						
В	19.05.2016	кошелек.В	авто	-4 450,00	цепи на колеса	5 700,00	2016.5						
В	19.05.2016	кошелек.В	спортзал	-3 000,00	Лера май	2 700,00	2016.5						
В	19.05.2016	кошелек.В	еда.обед	-150,00	?	2 550,00	2016.5						
В	16.05.2016	карта зарпл.В	кофе	-335,00	старбакс	5 194,02	2016.5						
В	17.05.2016	карта зарпл.В	еда.обед	-298,00		4 896,02	2016.5						
В	16.05.2016	карта зарпл.В	продукты	-115,00	пирожки	4 781,02	2016.5						
В	17.05.2016	карта зарпл.В	еда.обед	-320,00		4 461,02	2016.5						
В	19.05.2016	кошелек.В	еда.обед	-250,00		2 300,00	2016.5						
Л	19.05.2016	сбер.вклад	перевод	-10 000,00	на карту	875 467,10	2016.5						
Л	19.05.2016	л.карта.сбер	перевод	10 000,00		11 116,46	2016.5						
Л	19.05.2016	л.карта.сбер	перевод	-8 000,00	в кошелек	3 116,46	2016.5						
Л	19.05.2016	кошелек.Л	транспорт	-120,00	маршрутки	369,00	2016.5						
Л	19.05.2016	кошелек.Л	перевод	8 000,00		8 369,00	2016.5						
Л	19.05.2016	кошелек.Л	в долг	-6 000,00	Оксане на врача Феде	2 369,00	2016.5						
Л	19.05.2016	л.карта.сбер	отдал члену семьи	-200,00	книга Варе	2 916,46	2016.5						
Л	19.05.2016	л.карта.сбер	кофе	-140,00	кофе	2 776,46	2016.5						
Л	19.05.2016	л.карта.сбер	хоз.расходы	-276,00	иголочка для штор лента	2 500,46	2016.5						
Л	19.05.2016	л.карта.сбер	комиссия	-30,00	комиссия сбера	2 470,46	2016.5						
Л	19.05.2016	л.карта.сбер	аптека	-337,00	крем в аптеке	2 133,46	2016.5						
Л	19.05.2016	кошелек.Л	продукты	-169,00	мороженное и орехи ВАре	2 200,00	2016.5						
Л	19.05.2016	кошелек.Л	сигареты	-200,00		2 000,00	2016.5						
В	20.05.2016	кошелек.В	авто.топливо	-1 850,00		450,00	2016.5						
В	20.05.2016	карта зарпл.В	зарплата	30 000,00		34 461,02	2016.5						
В	22.05.2016	кошелек.В	авто.топливо	-450,00		0,00	2016.5						
Л	22.05.2016	кошелек.Л	авто.топливо	-550,00		1 450,00	2016.5						
В	22.05.2016	карта зарпл.В	хозтовары	-1 935,00	на дачу+ арматура для туалета	32 526,02	2016.5						
В	23.05.2016	карта зарпл.В	перевод	-25 000,00		7 526,02	2016.5						
В	23.05.2016	кошелек.В	перевод	25 000,00		25 000,00	2016.5						
В	23.05.2016	карта зарпл.В	еда.обед	-620,00		6 906,02	2016.5						
В	23.05.2016	карта зарпл.В	хоз.расходы	-250,00	фотки	6 656,02	2016.5						
Л	23.05.2016	кошелек.Л	перевод	10 000,00		11 450,00	2016.5						
В	23.05.2016	кошелек.В	перевод	-10 000,00		15 000,00	2016.5						
Л	23.05.2016	кошелек.Л	отдал члену семьи	-1 500,00	творог, молоко, яйца	9 950,00	2016.5						
Л	23.05.2016	кошелек.Л	в долг	-7 000,00	Оксане до зп	2 950,00	2016.5						
Л	23.05.2016	кошелек.Л	Авон	230,00	за заказ	3 180,00	2016.5						
Л	23.05.2016	л.карта.сбер	кофе	-120,00		2 013,46	2016.5						
Л	23.05.2016	л.карта.сбер	продукты	-395,00	круасаны	1 618,46	2016.5						
Л	23.05.2016	л.карта.сбер	продукты	-540,00	 хлеб	1 078,46	2016.5						
Л	23.05.2016	л.карта.сбер	продукты	-160,00	на дачу	918,46	2016.5						
Л	23.05.2016	л.карта.сбер	ресторан	-467,00	макдак	451,46	2016.5						
Л	23.05.2016	сбер.вклад	перевод	-5 000,00		870 467,10	2016.5						
Л	23.05.2016	л.карта.сбер	перевод	5 000,00		5 451,46	2016.5						
Л	23.05.2016	л.карта.сбер	красота	-2 150,00	маникюр	3 301,46	2016.5						
Л	23.05.2016	л.карта.сбер	перевод	-3 000,00		301,46	2016.5						
Л	23.05.2016	кошелек.Л	перевод	3 000,00		6 180,00	2016.5						
Л	23.05.2016	кошелек.Л	транспорт	-200,00	проездной на 4 поездки	5 980,00	2016.5						
В	24.05.2016	карта зарпл.В	еда.обед	-320,00		6 336,02	2016.5						
Л	25.05.2016	кошелек.Л	продукты	-215,00	булочка и хлеб	5 765,00	2016.5						
Л	25.05.2016	кошелек.Л	зарплата	46 000,00		51 765,00	2016.5						
Л	25.05.2016	кошелек.Л	перевод	-45 000,00	на вклад	6 765,00	2016.5						
Л	25.05.2016	сбер.вклад	перевод	45 000,00		915 467,10	2016.5						
Л	25.05.2016	л.карта.сбер	подарки	-1 000,00		(698,54)	2016.5						
Л	25.05.2016	л.карта.сбер	кофе	-150,00		(848,54)	2016.5						
Л	25.05.2016	кошелек.Л	транспорт	-1 570,00	на метро 60 поездок	5 195,00	2016.5						
Л	25.05.2016	кошелек.Л	еда.обед	-290,00	обед	4 905,00	2016.5						
Л	25.05.2016	сбер.вклад	перевод	-3 000,00		912 467,10	2016.5						
Л	25.05.2016	л.карта.сбер	перевод	3 000,00		2 151,46	2016.5						
Л	25.05.2016	л.карта.сбер	комиссия	-30,00	сбер комиссия	2 121,46	2016.5						
В	25.05.2016	карта зарпл.В	продукты	-396,20		5 939,82	2016.5						
В	25.05.2016	кошелек.В	еда.обед	-350,00		14 650,00	2016.5						
В	25.05.2016	кошелек.В	транспорт	-550,00		14 100,00	2016.5						
В	25.05.2016	кошелек.В	отдал члену семьи	-5 000,00		9 100,00	2016.5						
В	25.05.2016	кошелек.В	еда.обед	-300,00		8 800,00	2016.5						
Л	26.05.2016	л.карта.сбер	перевод	8 000,00		10 121,46	2016.5						
Л	26.05.2016	кошелек.Л	перевод	-8 000,00		(3 095,00)	2016.5						
Л	26.05.2016	л.карта.сбер	кофе	-120,00		10 001,46	2016.5						
Л	26.05.2016	л.карта.сбер	еда.обед	-140,00		9 861,46	2016.5						
Л	26.05.2016	кошелек.Л	в долг	6 000,00		2 905,00	2016.5						
Л	26.05.2016	кошелек.Л	ресторан	-1 300,00		1 605,00	2016.5						
В	26.05.2016	карта зарпл.В	ресторан	-750,00	муму	5 189,82	2016.5						
В	26.05.2016	кошелек.В	спортзал	-700,00	на экзамен	8 100,00	2016.5						
В	26.05.2016	кошелек.В	продукты	-100,00	квас	8 000,00	2016.5						
В	26.05.2016	карта зарпл.В	еда.обед	-320,00		4 869,82	2016.5						
Л	26.05.2016	кошелек.Л	Красота	-1 000,00		605,00	2016.5						
Л	26.05.2016	л.карта.сбер	Красота	-300,00		9 561,46	2016.5						
Л	26.05.2016	кошелек.Л	кофе	-35,00		570,00	2016.5						
Л	26.05.2016	л.карта.сбер	хоз.расходы	-735,60		8 825,86	2016.5						
Л	26.05.2016	л.карта.сбер	ЖКХ	-243,62	телефон	8 582,24	2016.5						
Л	27.05.2016	л.карта.сбер	ЖКХ	-3 502,00	за квартиру	5 080,24	2016.5						
Л	27.05.2016	кошелек.Л	перевод	4 000,00		4 570,00	2016.5						
Л	27.05.2016	л.карта.сбер	перевод	-4 000,00		1 080,24	2016.5						
В	28.05.2016	карта зарпл.В	связь	-400,00	мегафон вад	4 469,82	2016.5						
В	28.05.2016	карта зарпл.В	развлеченья	-360,00	кино	4 109,82	2016.5						
В	28.05.2016	карта зарпл.В	продукты	-760,12		3 349,70	2016.5						
В	29.05.2016	кошелек.В	авто.мойка	-800,00		7 200,00	2016.5						
В	30.05.2016	карта зарпл.В	еда.обед	-310,00		3 039,70	2016.5						
Л	31.05.2016	кошелек.Л	сигареты	-170,00		4 400,00	2016.5						
Л	31.05.2016	л.карта.сбер	продукты	-817,00	магнит	263,24	2016.5						
Л	31.05.2016	сбер.вклад	перевод	-2 615,40		909 851,70	2016.5						
Л	31.05.2016	л.карта.сбер	перевод	2 615,40		2 878,64	2016.5						
Л	31.05.2016	л.карта.сбер	связь	-200,00	Варя телефон	2 678,64	2016.5						
Л	31.05.2016	л.карта.сбер	еда.обед	-280,00		2 398,64	2016.5						
Л	31.05.2016	л.карта.сбер	еда.обед	-445,00		1 953,64	2016.5						
В	31.05.2016	карта зарпл.В	еда.обед	-320,00		2 719,70	2016.5						
В	31.05.2016	кошелек.В	ресторан	-2 200,00		5 000,00	2016.5						
В	01.06.2016	карта зарпл.В	еда.обед	-310,00		2 409,70	2016.6						
Л	01.06.2016	кошелек.Л	зарплата	46 000,00		50 400,00	2016.6						
Л	01.06.2016	кошелек.Л	в долг	6 000,00	Оксана отдала	56 400,00	2016.6						
Л	01.06.2016	кошелек.Л	еда.обед	-100,00		56 300,00	2016.6						
Л	01.06.2016	кошелек.Л	развлеченья	-1 050,00	3 билета на кораблик	55 250,00	2016.6						
Л	01.06.2016	л.карта.сбер	связь	-400,00	мне на телефон	1 553,64	2016.6						
Л	01.06.2016	кошелек.Л	перевод	-50 000,00		5 250,00	2016.6						
В	02.06.2016	карта зарпл.В	еда.обед	-280,00		2 129,70	2016.6						
Л	02.06.2016	сбер.вклад	перевод	-2 500,00		907 351,70	2016.6						
Л	02.06.2016	л.карта.сбер	перевод	2 500,00		4 053,64	2016.6						
Л	02.06.2016	л.карта.сбер	перевод	50 000,00		54 053,64	2016.6						
Л	02.06.2016	л.карта.сбер	перевод	-45 000,00		9 053,64	2016.6						
Л	02.06.2016	сбер.вклад	перевод	45 000,00		952 351,70	2016.6						
Л	02.06.2016	л.карта.сбер	авон	-3 045,00		6 008,64	2016.6						
Л	02.06.2016	л.карта.сбер	перевод	-2 000,00		4 008,64	2016.6						
Л	02.06.2016	кошелек.Л	перевод	2 000,00		7 250,00	2016.6						
Л	02.06.2016	л.карта.сбер	хозтовары	-808,00		3 200,64	2016.6						
Л	02.06.2016	сбер.вклад	перевод	-2 351,70		950 000,00	2016.6						
Л	02.06.2016	л.карта.сбер	перевод	2 351,70		5 552,34	2016.6						
Л	02.06.2016	л.карта.сбер	авон	2 565,00	от Надежды	8 117,34	2016.6						
Л	02.06.2016	л.карта.сбер	перевод	-1 400,00		6 717,34	2016.6						
Л	02.06.2016	кошелек.Л	перевод	1 400,00		8 650,00	2016.6						
Л	02.06.2016	кошелек.Л	кофе	-150,00		8 500,00	2016.6						
Л	02.06.2016	кошелек.Л	спортзал	-1 000,00	переоформление маминой карты	7 500,00	2016.6						
Л	02.06.2016	карта старая.В	развлеченья	-269,00	музыка	57,30	2016.6						
В	03.06.2016	карта зарпл.В	еда.обед	-295,00		1 834,70	2016.6						
В	02.06.2016	карта зарпл.В	аптека	-772,20		1 062,50	2016.6						
В	05.06.2016	карта зарпл.В	ресторан	-746,00	мак	316,50	2016.6						
В	04.06.2016	кошелек.В	авто.топливо	-1 500,00		3 500,00	2016.6						
В	04.06.2016	кошелек.В	продукты	-700,00		2 800,00	2016.6						
В	06.06.2016	карта зарпл.В	связь	-300,00	билайн Ipad	16,50	2016.6						
В	06.06.2016	кошелек.В	еда.обед	-400,00		2 400,00	2016.6						
В	06.06.2016	кошелек.В	спортзал	-300,00	зачетка	2 100,00	2016.6						
В	06.06.2016	кошелек.В	транспорт	-1 600,00		500,00	2016.6						
В	07.06.2016	кошелек.В	еда.обед	-350,00		150,00	2016.6						
Л	07.06.2016	кошелек.Л	перевод	-5 000,00		2 500,00	2016.6						
В	07.06.2016	кошелек.В	перевод	5 000,00		5 150,00	2016.6						
В	07.06.2016	кошелек.В	кофе	-250,00		4 900,00	2016.6						
В	06.06.2016	кошелек.В	продукты	-1 000,00		3 900,00	2016.6						
Л	07.06.2016	сбер.вклад	перевод	-20 000,00		930 000,00	2016.6						
Л	07.06.2016	л.карта.сбер	перевод	20 000,00		26 717,34	2016.6						
Л	07.06.2016	кошелек.Л	здоровье	-2 700,00	Варя стоматолог осмотр и чистка	(200,00)	2016.6						
Л	07.06.2016	л.карта.сбер	здоровье	-4 080,00	Варя кардиолог осмотр и узи	22 637,34	2016.6						
Л	07.06.2016	л.карта.сбер	связь	-280,00	Варя связь	22 357,34	2016.6						
Л	07.06.2016	кошелек.Л	красота	-1 350,00	маникюр и педикюр	(1 550,00)	2016.6						
Л	07.06.2016	кошелек.Л	транспорт	-270,00	маршрутки	(1 820,00)	2016.6						
Л	07.06.2016	л.карта.сбер	красота	-300,00	лак защитный лечебный	22 057,34	2016.6						
Л	07.06.2016	л.карта.сбер	продукты	-408,00	продукты	21 649,34	2016.6						
Л	07.06.2016	л.карта.сбер	перевод	-21 600,00	в кошелек за весь период	49,34	2016.6						
Л	07.06.2016	кошелек.Л	перевод	21 600,00		19 780,00	2016.6						
Л	07.06.2016	кошелек.Л	транспорт	-600,00	такси	19 180,00	2016.6						
Л	07.06.2016	кошелек.Л	в долг	-5 000,00	Оксане до зп	14 180,00	2016.6						
Л	07.06.2016	кошелек.Л	ресторан	-1 300,00	с ВАрей суши ресотран	12 880,00	2016.6						
Л	07.06.2016	кошелек.Л	сигареты	-270,00	3 пачки	12 610,00	2016.6						
Л	07.06.2016	кошелек.Л	продукты	-1 270,00	магнит	11 340,00	2016.6						
Л	07.06.2016	кошелек.Л	кофе	-300,00	2 раза	11 040,00	2016.6						
Л	07.06.2016	кошелек.Л	еда.обед	-680,00	за 3 дня	10 360,00	2016.6						
Л	07.06.2016	кошелек.Л	аптека	-710,00	Лекарства варе метрогил и паста	9 650,00	2016.6						
Л	08.06.2016	кошелек.Л	транспорт	-35,00	маршрутка	9 615,00	2016.6						
Л	08.06.2016	кошелек.Л	сигареты	-90,00		9 525,00	2016.6						
Л	08.06.2016	кошелек.Л	продукты	-275,00	овощи	9 250,00	2016.6						
В	09.06.2016	карта зарпл.В	зарплата	49 342,58		49 359,08	2016.6						
В	06.06.2016	кошелек.В	еда.обед	-300,00		3 600,00	2016.6						
Л	09.06.2016	кошелек.Л	еда.обед	-390,00	обед, булочки, шоколадка	8 860,00	2016.6						
Л	09.06.2016	кошелек.Л	кофе	-120,00		8 740,00	2016.6						
В	09.06.2016	карта зарпл.В	хозтовары	-2 659,00	на дачу коннекторы штапик гардины	46 700,08	2016.6						
В	09.06.2016	карта зарпл.В	перевод	-30 000,00		16 700,08	2016.6						
В	09.06.2016	кошелек.В	перевод	30 000,00		33 600,00	2016.6						
В	09.06.2016	кошелек.В	продукты	-10 900,00	еда, памперсы	22 700,00	2016.6						
Л	09.06.2016	кошелек.Л	продукты	-1 000,00		7 740,00	2016.6						
В	09.06.2016	карта зарпл.В	перевод	-500,00		16 200,08	2016.6						
В	09.06.2016	карта старая.В	перевод	500,00		557,30	2016.6						
В	10.06.2016	карта старая.В	книги	-228,70	Авиатор	328,60	2016.6						
В	09.06.2016	кошелек.В	спортзал	-6 000,00		16 700,00	2016.6						
В	09.06.2016	кошелек.В	еда.обед	-350,00		16 350,00	2016.6						
В	09.06.2016	кошелек.В	связь	-300,00	смольная	16 050,00	2016.6						
Л	10.06.2016	кошелек.Л	сигареты	-180,00		7 560,00	2016.6						
Л	10.06.2016	кошелек.Л	еда.обед	-300,00	обед и плюшки	7 260,00	2016.6						
Л	10.06.2016	кошелек.Л	продукты	-1 000,00		6 260,00	2016.6						
В	09.06.2016	карта зарпл.В	еда.обед	-318,00		15 882,08	2016.6						
Л	10.06.2016	л.карта.сбер	кофе	-120,00		(70,66)	2016.6						
Л	10.06.2016	л.карта.сбер	продукты	-140,00	хлеб	(210,66)	2016.6						
Л	10.06.2016	сбер.вклад	перевод	-7 000,00		923 000,00	2016.6						
Л	10.06.2016	л.карта.сбер	перевод	7 000,00		6 789,34	2016.6						
В	13.06.2016	карта зарпл.В	ресторан	-516,00	мак	15 366,08	2016.6						
В	14.06.2016	карта зарпл.В	ресторан	-2 310,00	арбат	13 056,08	2016.6						
В	15.06.2016	карта зарпл.В	еда.обед	-350,00		12 706,08	2016.6						
В	14.06.2016	карта зарпл.В	доход.%	299,68	кешбек	13 005,76	2016.6						
В	14.06.2016	кошелек.В	бл	-50,00		16 000,00	2016.6						
Л	15.06.2016	кошелек.Л	еда.обед	-260,00	пирожки и обед	6 000,00	2016.6						
Л	15.06.2016	кошелек.Л	сигареты	-90,00		5 910,00	2016.6						
Л	15.06.2016	кошелек.Л	транспорт	-175,00	маршрутки	5 735,00	2016.6						
Л	15.06.2016	кошелек.Л	подарки	-2 000,00	Наташе на подарок	3 735,00	2016.6						
Л	15.06.2016	кошелек.Л	отдал члену семьи	-1 000,00	маме на варю	2 735,00	2016.6						
Л	15.06.2016	л.карта.сбер	связь	-100,00	мой тел	6 689,34	2016.6						
Л	15.06.2016	сбер.вклад	перевод	-7 000,00		916 000,00	2016.6						
Л	15.06.2016	л.карта.сбер	перевод	7 000,00		13 689,34	2016.6						
Л	15.06.2016	л.карта.сбер	вещи.одежда	-2 847,00	Варе	10 842,34	2016.6						
Л	15.06.2016	л.карта.сбер	перевод	-3 500,00	в кошлек	7 342,34	2016.6						
Л	15.06.2016	кошелек.Л	перевод	3 500,00		6 235,00	2016.6						
Л	15.06.2016	кошелек.Л	продукты	-250,00	хлеб	5 985,00	2016.6						
Л	15.06.2016	кошелек.Л	кофе	-360,00	3 раза кофе	5 625,00	2016.6						
Л	15.06.2016	л.карта.сбер	перевод	-6 500,00	в кошелек	842,34	2016.6						
Л	15.06.2016	кошелек.Л	перевод	6 500,00		12 125,00	2016.6						
Л	15.06.2016	кошелек.Л	отдал члену семьи	-5 000,00	маме	7 125,00	2016.6						
Л	15.06.2016	кошелек.Л	развлеченья	-800,00	кино	6 325,00	2016.6						
Л	15.06.2016	кошелек.Л	продукты	-1 200,00	на дачу	5 125,00	2016.6						
Л	15.06.2016	кошелек.Л	ресторан	-315,00		4 810,00	2016.6						
Л	15.06.2016	кошелек.Л	хоз.расходы	-100,00	платная дорога	4 710,00	2016.6						
Л	15.06.2016	кошелек.Л	хоз.расходы	-100,00	ремонт сумки	4 610,00	2016.6						
В	15.06.2016	карта зарпл.В	продукты	-267,00		12 738,76	2016.6						
В	16.06.2016	карта зарпл.В	еда.обед	-252,54		12 486,22	2016.6						
В	16.06.2016	карта зарпл.В	отдал члену семьи	-5 075,00	Соне	7 411,22	2016.6						
В	16.06.2016	кошелек.В	красота	-300,00	стрижка	15 700,00	2016.6						
В	16.06.2016	кошелек.В	продукты	-300,00		15 400,00	2016.6						
В	17.06.2016	карта зарпл.В	продукты	-85,00		7 326,22	2016.6						
В	17.06.2016	карта зарпл.В	еда.обед	-320,00		7 006,22	2016.6						
Л	17.06.2016	кошелек.Л	еда.обед	-284,00	завтрак	4 326,00	2016.6						
Л	17.06.2016	кошелек.Л	еда.обед	-200,00	обед	4 126,00	2016.6						
Л	17.06.2016	сбер.вклад	перевод	-8 000,00		908 000,00	2016.6
Л	17.06.2016	л.карта.сбер	перевод	8 000,00		8 842,34	2016.6						
Л	17.06.2016	л.карта.сбер	отдал члену семьи	-2 250,00	Варя рисование	6 592,34	2016.6						
Л	17.06.2016	л.карта.сбер	транспорт	-470,00	Электричка	6 122,34	2016.6						
Л	17.06.2016	л.карта.сбер	кофе	-160,00		5 962,34	2016.6						
Л	17.06.2016	л.карта.сбер	продукты	-290,00		5 672,34	2016.6						
Л	17.06.2016	л.карта.сбер	перевод	-4 000,00		1 672,34	2016.6						
Л	17.06.2016	кошелек.Л	перевод	4 000,00		8 126,00	2016.6						
Л	17.06.2016	кошелек.Л	красота	-2 000,00	реснички	6 126,00	2016.6						
Л	17.06.2016	кошелек.Л	транспорт	-670,00	на метро	5 456,00	2016.6						
Л	17.06.2016	кошелек.Л	продукты	-1 756,00		3 700,00	2016.6						
Л	18.06.2016	л.карта.сбер	ЖКХ	-513,11	Мосэнерго	1 159,23	2016.6						
Л	19.06.2016	л.карта.сбер	авон	980,00	т.Надя за Авон	2 139,23	2016.6						
Л	20.06.2016	кошелек.Л	еда.обед	-90,00	завтрак	3 610,00	2016.6						
Л	20.06.2016	л.карта.сбер	связь	-200,00	маме на телефон	1 939,23	2016.6						
Л	20.06.2016	л.карта.сбер	перевод	-200,00		1 739,23	2016.6						
Л	20.06.2016	кошелек.Л	перевод	200,00		3 810,00	2016.6						
Л	20.06.2016	кошелек.Л	транспорт	-300,00	электрички	3 510,00	2016.6						
Л	20.06.2016	кошелек.Л	еда.обед	-200,00	макдак	3 310,00	2016.6						
Л	20.06.2016	кошелек.Л	отдал члену семьи	-1 000,00	на расходы на дачу	2 310,00	2016.6						
Л	20.06.2016	л.карта.сбер	комиссия	-30,00	комиссия сбер	1 709,23	2016.6						
В	19.06.2016	кошелек.В	хозтовары	-800,00	на дачу	14 600,00	2016.6						
В	19.06.2016	кошелек.В	авто.топливо	-1 400,00		13 200,00	2016.6						
В	17.06.2016	карта зарпл.В	продукты	-194,00		6 812,22	2016.6						
В	17.06.2016	карта зарпл.В	хозтовары	-306,00	на дачу	6 506,22	2016.6						
В	18.06.2016	карта зарпл.В	авто.топливо	-1 000,23		5 505,99	2016.6						
В	18.06.2016	карта зарпл.В	еда.обед	-243,00		5 262,99	2016.6						
В	20.06.2016	карта зарпл.В	хозтовары	-617,00	на дачу	4 645,99	2016.6						
В	20.06.2016	карта зарпл.В	продукты	-48,60		4 597,39	2016.6						
В	20.06.2016	карта зарпл.В	хозтовары	-493,00	на дачу	4 104,39	2016.6						
В	20.06.2016	карта зарпл.В	продукты	-69,00		4 035,39	2016.6						
В	20.06.2016	карта зарпл.В	продукты	-842,00		3 193,39	2016.6						
В	20.06.2016	карта зарпл.В	зарплата	30 000,00		33 193,39	2016.6						
В	20.06.2016	карта зарпл.В	еда.обед	-320,00		32 873,39	2016.6						
В	20.06.2016	карта зарпл.В	перевод	-20 000,00		12 873,39	2016.6						
В	20.06.2016	кошелек.В	перевод	20 000,00		33 200,00	2016.6						
В	21.06.2016	карта зарпл.В	аптека	-285,30	лек	12 588,09	2016.6						
В	21.06.2016	карта зарпл.В	связь	-605,00	онлайм	11 983,09	2016.6						
В	21.06.2016	карта зарпл.В	еда.обед	-310,00		11 673,09	2016.6						
В	21.06.2016	карта зарпл.В	развлеченья	-320,00	кино!!!	11 353,09	2016.6						
Л	22.06.2016	сбер.вклад	перевод	-3 000,00		905 000,00	2016.6						
Л	23.06.2016	л.карта.сбер	перевод	3 000,00		4 709,23	2016.6						
Л	23.06.2016	л.карта.сбер	перевод	-1 300,00		3 409,23	2016.6						
Л	23.06.2016	кошелек.Л	перевод	1 300,00		3 610,00	2016.6						
Л	23.06.2016	кошелек.Л	транспорт	-85,00		3 525,00	2016.6						
Л	23.06.2016	кошелек.Л	транспорт	-50,00	парковка	3 475,00	2016.6						
Л	23.06.2016	л.карта.сбер	еда.обед	-180,00	попкорн	3 229,23	2016.6						
Л	23.06.2016	л.карта.сбер	продукты	-448,00	избенка	2 781,23	2016.6						
Л	23.06.2016	л.карта.сбер	развлеченья	-411,00	леонардо Варе	2 370,23	2016.6						
Л	23.06.2016	л.карта.сбер	еда.обед	-195,00		2 175,23	2016.6						
Л	23.06.2016	л.карта.сбер	кофе	-120,00		2 055,23	2016.6						
Л	23.06.2016	кошелек.Л	сигареты	-180,00		3 295,00	2016.6						
Л	23.06.2016	кошелек.Л	еда.обед	-210,00		3 085,00	2016.6						
Л	24.06.2016	сбер.вклад	перевод	-10 000,00	л.карта.сбер	895 000,00	2016.6						
Л	24.06.2016	л.карта.сбер	перевод	10 000,00		12 055,23	2016.6						
Л	24.06.2016	кошелек.Л	зарплата	92 000,00		95 085,00	2016.6						
Л	24.06.2016	л.карта.сбер	продукты	-619,00	дикси у мамы	11 436,23	2016.6						
Л	24.06.2016	л.карта.сбер	продукты	-644,00	магнит у нас	10 792,23	2016.6						
Л	24.06.2016	л.карта.сбер	перевод	-10 200,00		592,23	2016.6						
Л	24.06.2016	кошелек.Л	перевод	10 200,00		105 285,00	2016.6						
Л	24.06.2016	л.карта.сбер	аптека	-424,00		168,23	2016.6						
Л	24.06.2016	кошелек.Л	перевод	-85 000,00		20 285,00	2016.6						
Л	24.06.2016	л.карта.сбер	перевод	85 000,00		85 168,23	2016.6						
Л	24.06.2016	л.карта.сбер	перевод	-80 000,00		5 168,23	2016.6						
Л	24.06.2016	сбер.вклад	перевод	80 000,00		975 000,00	2016.6						
Л	24.06.2016	кошелек.Л	транспорт	-1 570,00	метро единый	18 715,00	2016.6						
Л	24.06.2016	кошелек.Л	в долг	5 000,00	Оксана вернула	23 715,00	2016.6						
Л	24.06.2016	сбер.вклад	доход.%	5 608,00	на вклад	980 608,00	2016.6						
Л	24.06.2016	л.карта.сбер	авон	-2 060,45		3 107,78	2016.6						
Л	24.06.2016	кошелек.Л	еда.обед	-80,00	мороженка	23 635,00	2016.6						
Л	25.06.2016	кошелек.Л	аптека	-1 741,00	аптека	21 894,00	2016.6						
Л	26.06.2016	кошелек.Л	продукты	-830,00	смольная	21 064,00	2016.6						
Л	27.06.2016	кошелек.Л	транспорт	-105,00	маршрутки	20 959,00	2016.6						
Л	27.06.2016	л.карта.сбер	перевод	-500,00		2 607,78	2016.6						
Л	27.06.2016	кошелек.Л	перевод	500,00		21 459,00	2016.6						
Л	27.06.2016	л.карта.сбер	связь	-100,00	мой моб	2 507,78	2016.6						
Л	28.06.2016	кошелек.Л	еда.обед	-200,00		21 259,00	2016.6						
Л	29.06.2016	кошелек.Л	перевод	-3 000,00		18 259,00	2016.6						
Л	30.06.2016	кошелек.В	перевод	3 000,00		36 200,00	2016.6						
Л	01.07.2016	кошелек.Л	аптека	-186,00		18 073,00	2016.7						
Л	01.07.2016	л.карта.сбер	аптека	-426,00		2 081,78	2016.7						
Л	01.07.2016	л.карта.сбер	связь	-400,00		1 681,78	2016.7						
Л	01.07.2016	кошелек.Л	транспорт	-200,00		17 873,00	2016.7						
Л	01.07.2016	кошелек.Л	еда.обед	-315,00		17 558,00	2016.7						
Л	01.07.2016	л.карта.сбер	связь	-200,00	Варе на тел	1 481,78	2016.7						
В	25.06.2016	кошелек.В	отдал члену семьи	-30 000,00	на похороно дяди Жени	6 200,00	2016.6						
В	25.06.2016	кошелек.В	авто.топливо	-1 000,00		5 200,00	2016.6						
В	29.06.2016	карта зарпл.В	здоровье	-1 890,00	поход к врачу	9 463,09	2016.6						
В	29.06.2016	карта зарпл.В	аптека	-1 043,00	лекарства назначенные	8 420,09	2016.6						
В	02.07.2016	карта зарпл.В	перевод	-200,00	на музыку	8 220,09	2016.7						
В	02.07.2016	карта старая.В	перевод	200,00		528,60	2016.7						
В	26.06.2016	карта зарпл.В	ЖКХ	-1 200,00	абонентка спутниковое, ядрово	7 020,09	2016.6						
В	22.06.2016	карта зарпл.В	еда.обед	-280,00		6 740,09	2016.6						
В	23.06.2016	карта зарпл.В	книги	-209,40	Стивен Кови	6 530,69	2016.6						
В	23.06.2016	карта зарпл.В	еда.обед	-310,00		6 220,69	2016.6						
В	24.06.2016	карта зарпл.В	еда.обед	-550,00		5 670,69	2016.6						
В	24.06.2016	карта зарпл.В	аптека	-97,20	аптека	5 573,49	2016.6				5782,89	209,40	похоже на книгу
В	04.07.2016	карта зарпл.В	еда.обед	-280,00		5 293,49	2016.7						
В	05.07.2016	карта зарпл.В	еда.обед	-350,00		4 943,49	2016.7						
В	05.07.2016	кошелек.В	продукты	-300,00		4 900,00	2016.7						
В	05.07.2016	карта зарпл.В	зарплата	61 615,75		66 559,24	2016.7						
В	05.07.2016	карта зарпл.В	перевод	-1 500,00		65 059,24	2016.7						
В	05.07.2016	кошелек.В	перевод	1 500,00		6 400,00	2016.7						
В	02.07.2016	карта зарпл.В	продукты	-985,00		64 074,24	2016.7						
В	03.07.2016	карта зарпл.В	продукты	-884,00		63 190,24	2016.7						
В	03.07.2016	карта зарпл.В	еда.обед	-365,00		62 825,24	2016.7						
В	05.07.2016	карта зарпл.В	корр	209,40	коррекция(????)	63 034,64	2016.7						
В	05.07.2016	кошелек.В	корр	-1 900,00	коррекция(????)	4 500,00	2016.7						
В	05.07.2016	кошелек.В	авто	-4 050,00	свравка для получения прав	450,00	2016.7						
В	05.07.2016	кошелек.В	продукты	-350,00		100,00	2016.7						
Л	05.07.2016	кошелек.Л	транспорт	-246,00	Электричка	17 312,00	2016.7						
Л	05.07.2016	кошелек.Л	продукты	-904,00	магнит у нас	16 408,00	2016.7						
Л	05.07.2016	кошелек.Л	продукты	-2 401,00	продукты на даче	14 007,00	2016.7						
В	05.07.2016	карта зарпл.В	перевод	-45 000,00		18 034,64	2016.7						
В	05.07.2016	кошелек.В	перевод	45 000,00		45 100,00	2016.7						
В	07.07.2016	карта зарпл.В	еда.обед	-295,00		17 739,64	2016.7						
В	07.07.2016	карта зарпл.В	авто	-6 519,00	запчасти для то	11 220,64	2016.7						
В	06.07.2016	карта зарпл.В	связь	-300,00	билайн планшет	10 920,64	2016.7						
В	06.07.2016	карта зарпл.В	ЖКХ	-1 200,00	триколор Рязань	9 720,64	2016.7						
В	05.07.2016	карта зарпл.В	ресторан	-1 850,00		7 870,64	2016.7						
В	05.07.2016	кошелек.В	ресторан	-100,00		45 000,00	2016.7						
В	05.07.2016	карта зарпл.В	еда.обед	-320,00		7 550,64	2016.7						
В	08.07.2016	карта зарпл.В	еда.обед	-300,00		7 250,64	2016.7						
В	11.07.2016	карта зарпл.В	отдал члену семьи	-5 075,00	Соне	2 175,64	2016.7						
В	10.07.2016	карта зарпл.В	связь	-300,00	мегафон Вадим	1 875,64	2016.7						
В	09.07.2016	карта зарпл.В	продукты	-234,00		1 641,64	2016.7						
В	11.07.2016	карта зарпл.В	еда.обед	-320,00		1 321,64	2016.7						
В	12.07.2016	карта зарпл.В	еда.обед	-149,00	завтрак	1 172,64	2016.7						
В	11.07.2016	кошелек.В	спортзал	-6 000,00	зал июль	39 000,00	2016.7						
В	11.07.2016	кошелек.В	продукты	-300,00		38 700,00	2016.7						
В	09.07.2016	кошелек.В	авто	-2 000,00	права	36 700,00	2016.7						
В	11.07.2016	кошелек.В	авто	-8 800,00	то 30т	27 900,00	2016.7						
В	11.07.2016	кошелек.В	вещи	-5 700,00	тень и ласты/маска	22 200,00	2016.7						
В	11.07.2016	кошелек.В	вещи	-9 100,00	обувь	13 100,00	2016.7						
В	12.07.2016	карта зарпл.В	еда.обед	-310,00		862,64	2016.7						
В	12.07.2016	карта зарпл.В	доход.%	149,26	кешбек	1 011,90	2016.7						
Л	12.07.2016	кошелек.Л	еда.обед	-45,00	декатлон	13 962,00	2016.7						
Л	12.07.2016	сбер.вклад	перевод	-10 800,91		969 807,09	2016.7						
Л	12.07.2016	л.карта.сбер	перевод	10 800,91		12 282,69	2016.7						
Л	12.07.2016	сбер.вклад	комиссия	192,91	пролонгация начисление	970 000,00	2016.7						
Л	12.07.2016	л.карта.сбер	еда.обед	-31,88		12 250,81	2016.7						
Л	12.07.2016	л.карта.сбер	перевод	-7 000,00		5 250,81	2016.7						
Л	12.07.2016	кошелек.Л	перевод	7 000,00		20 962,00	2016.7						
Л	12.07.2016	кошелек.Л	книги	-752,00	варе обучение	20 210,00	2016.7						
Л	12.07.2016	кошелек.Л	транспорт	-205,00	Электричка	20 005,00	2016.7						
Л	12.07.2016	кошелек.Л	продукты	-636,00		19 369,00	2016.7						
Л	12.07.2016	кошелек.Л	ресторан	-500,00	кофе тортик	18 869,00	2016.7						
Л	12.07.2016	кошелек.Л	развлеченья	-586,00	для мыла основа и красители	18 283,00	2016.7						
Л	13.07.2016	кошелек.Л	продукты	-1 303,00	магнит у дома	16 980,00	2016.7						
Л	13.07.2016	л.карта.сбер	продукты	-1 656,00	продукты дача	3 594,81	2016.7						
Л	13.07.2016	л.карта.сбер	связь	-200,00	мой тел	3 394,81	2016.7						
Л	13.07.2016	л.карта.сбер	продукты	-418,00	магнит у дома	2 976,81	2016.7						
Л	14.07.2016	кошелек.Л	еда.обед	-210,00		16 770,00	2016.7						
Л	14.07.2016	кошелек.Л	хоз.товары	-2 100,00	миски в теппервейв	14 670,00	2016.7						
Л	14.07.2016	л.карта.сбер	кофе	-150,00	кофе	2 826,81	2016.7						
Л	14.07.2016	л.карта.сбер	сигареты	-180,00		2 646,81	2016.7						
Л	14.07.2016	л.карта.сбер	еда.обед	-125,00		2 521,81	2016.7						
Л	14.07.2016	кошелек.Л	еда.обед	-250,00		14 420,00	2016.7						
Л	14.07.2016	кошелек.Л	связь	-500,00		13 920,00	2016.7						
Л	14.07.2016	л.карта.сбер	ЖКХ	-193,08	тел город	2 328,73	2016.7						
Л	14.07.2016	л.карта.сбер	ЖКХ	-590,38	мосэнерго	1 738,35	2016.7						
Л	14.07.2016	л.карта.сбер	развлеченья	-687,52		1 050,83	2016.7						
Л	14.07.2016	л.карта.сбер	кофе	-285,00		765,83	2016.7						
Л	14.07.2016	л.карта.сбер	еда.обед	-315,00		450,83	2016.7						
Л	14.07.2016	кошелек.Л	транспорт	-205,00	лектричка туда обратно	13 715,00	2016.7						
Л	14.07.2016	кошелек.Л	книги	-655,00	ВАре книги	13 060,00	2016.7						
Л	14.07.2016	кошелек.Л	продукты	-1 644,00	продукты Гжель	11 416,00	2016.7						
Л	14.07.2016	кошелек.Л	транспорт	-70,00	марш рутки	11 346,00	2016.7						
Л	14.07.2016	кошелек.Л	еда.обед	-170,00		11 176,00	2016.7						
Л	18.07.2016	л.карта.сбер	связь	-100,00		350,83	2016.7						
Л	18.07.2016	кошелек.Л	сигареты	-360,00		10 816,00	2016.7						
В	20.07.2016	карта зарпл.В	зарплата	30 000,00		31 011,90	2016.7						
В	20.07.2016	карта зарпл.В	зарплата	41 476,34		72 488,24	2016.7						
В	21.07.2016	карта зарпл.В	связь	-560,00	инет смольная	71 928,24	2016.7						
В	18.07.2016	карта зарпл.В	еда.обед	-320,00		71 608,24	2016.7						
В	20.07.2016	кошелек.В	еда.обед	-650,00	2 дня	12 450,00	2016.7						
В	16.07.2016	кошелек.В	продукты	-2 300,00		10 150,00	2016.7						
В	17.07.2016	кошелек.В	ресторан	-850,00	макдак	9 300,00	2016.7						
В	21.07.2016	карта зарпл.В	отпуск	-2 230,00	билеты на паром в крым	69 378,24	2016.7						
В	21.07.2016	карта зарпл.В	еда.обед	-299,52		69 078,72	2016.7						
В	21.07.2016	карта зарпл.В	перевод	-60 000,00		9 078,72	2016.7						
В	21.07.2016	кошелек.В	перевод	60 000,00		69 300,00	2016.7						
В	22.07.2016	карта зарпл.В	связь	-300,00	билайн ipad	8 778,72	2016.7						
В	22.07.2016	карта зарпл.В	связь	-600,00	мегафон Вадим	8 178,72	2016.7						
В	22.07.2016	карта зарпл.В	еда.обед	-320,00		7 858,72	2016.7						
В	21.07.2016	карта зарпл.В	продукты	-248,00		7 610,72	2016.7						
В	21.07.2016	карта зарпл.В	подарки	-2 000,00	подарок маме	5 610,72	2016.7						
В	21.07.2016	карта зарпл.В	вещи	-1 251,00	батарейка и зарядка	4 359,72	2016.7